sample_id,object,model,attempt,chisqr,delta_from_best
A2213_2652_hst_17308_b6_acs_wfc_f814w_jf56b6_drc_hdu1,A2213–2652,single,1,527165.976,0.0
A2213_2652_hst_17308_b6_acs_wfc_f814w_jf56b6_drc_hdu1,A2213–2652,single,2,527166.5,0.524
A2213_2652_hst_17308_b6_acs_wfc_f814w_jf56b6_drc_hdu1,A2213–2652,equal_pair,1,779754.729,319893.178
A2213_2652_hst_17308_b6_acs_wfc_f814w_jf56b6_drc_hdu1,A2213–2652,equal_pair,2,459897.837,36.286
A2213_2652_hst_17308_b6_acs_wfc_f814w_jf56b6_drc_hdu1,A2213–2652,equal_pair,3,1127085.029,667223.478
A2213_2652_hst_17308_b6_acs_wfc_f814w_jf56b6_drc_hdu1,A2213–2652,equal_pair,4,459866.302,4.751
A2213_2652_hst_17308_b6_acs_wfc_f814w_jf56b6_drc_hdu1,A2213–2652,equal_pair,5,459862.783,1.232
A2213_2652_hst_17308_b6_acs_wfc_f814w_jf56b6_drc_hdu1,A2213–2652,equal_pair,6,1128343.997,668482.446
A2213_2652_hst_17308_b6_acs_wfc_f814w_jf56b6_drc_hdu1,A2213–2652,equal_pair,7,459861.834,0.283
A2213_2652_hst_17308_b6_acs_wfc_f814w_jf56b6_drc_hdu1,A2213–2652,equal_pair,8,459864.404,2.853
A2213_2652_hst_17308_b6_acs_wfc_f814w_jf56b6_drc_hdu1,A2213–2652,equal_pair,9,1128343.886,668482.335
A2213_2652_hst_17308_b6_acs_wfc_f814w_jf56b6_drc_hdu1,A2213–2652,equal_pair,10,459896.284,34.733
A2213_2652_hst_17308_b6_acs_wfc_f814w_jf56b6_drc_hdu1,A2213–2652,equal_pair,11,459861.551,0.0
A2213_2652_hst_17308_b6_acs_wfc_f814w_jf56b6_drc_hdu1,A2213–2652,equal_pair,12,1128394.338,668532.787
A2213_2652_hst_17308_b6_acs_wfc_f814w_jf56b6_drc_hdu1,A2213–2652,equal_pair,13,459863.335,1.784
A2213_2652_hst_17308_b6_acs_wfc_f814w_jf56b6_drc_hdu1,A2213–2652,equal_pair,14,459866.546,4.995
A2213_2652_hst_17308_b6_acs_wfc_f814w_jf56b6_drc_hdu1,A2213–2652,independent_pair,1,459856.055,33494.075
A2213_2652_hst_17308_b6_acs_wfc_f814w_jf56b6_drc_hdu1,A2213–2652,independent_pair,2,426363.14,1.16
A2213_2652_hst_17308_b6_acs_wfc_f814w_jf56b6_drc_hdu1,A2213–2652,independent_pair,3,426362.792,0.812
A2213_2652_hst_17308_b6_acs_wfc_f814w_jf56b6_drc_hdu1,A2213–2652,independent_pair,4,426361.98,0.0
A2213_2652_hst_17308_b6_acs_wfc_f814w_jf56b6_drc_hdu1,A2213–2652,independent_pair,5,458566.069,32204.089
A2213_2652_hst_17308_b6_acs_wfc_f814w_jf56b6_drc_hdu1,A2213–2652,independent_pair,6,458569.926,32207.946
A2213_2652_hst_17308_b6_acs_wfc_f814w_jf56b6_drc_hdu1,A2213–2652,independent_pair,7,449655.498,23293.518
A2213_2652_hst_17308_b6_acs_wfc_f814w_jf56b6_drc_hdu1,A2213–2652,independent_pair,8,458569.441,32207.461
A2213_2652_hst_17308_b6_acs_wfc_f814w_jf56b6_drc_hdu1,A2213–2652,independent_pair,9,459862.17,33500.19
A2213_2652_hst_17308_b6_acs_wfc_f814w_jf56b6_drc_hdu1,A2213–2652,independent_pair,10,459861.226,33499.246
A2213_2652_hst_17308_b6_acs_wfc_f814w_jf56b6_drc_hdu1,A2213–2652,independent_pair,11,449623.799,23261.819
A2213_2652_hst_17308_b6_acs_wfc_f814w_jf56b6_drc_hdu1,A2213–2652,independent_pair,12,459857.17,33495.19
A2213_2652_hst_17308_b6_acs_wfc_f814w_jf56b6_drc_hdu1,A2213–2652,independent_pair,13,459855.676,33493.696
A2213_2652_hst_17308_b6_acs_wfc_f814w_jf56b6_drc_hdu1,A2213–2652,independent_pair,14,458572.368,32210.388
DESJ0245_0556_J0245-0556_i_240px_hdu0,DESJ0245–0556,single,1,40786.582,0.0
DESJ0245_0556_J0245-0556_i_240px_hdu0,DESJ0245–0556,single,2,40786.662,0.08
DESJ0245_0556_J0245-0556_i_240px_hdu0,DESJ0245–0556,equal_pair,1,4916.263,0.0
DESJ0245_0556_J0245-0556_i_240px_hdu0,DESJ0245–0556,equal_pair,2,4916.289,0.026
DESJ0245_0556_J0245-0556_i_240px_hdu0,DESJ0245–0556,equal_pair,3,4916.268,0.005
DESJ0245_0556_J0245-0556_i_240px_hdu0,DESJ0245–0556,equal_pair,4,4916.265,0.002
DESJ0245_0556_J0245-0556_i_240px_hdu0,DESJ0245–0556,equal_pair,5,4916.349,0.086
DESJ0245_0556_J0245-0556_i_240px_hdu0,DESJ0245–0556,equal_pair,6,4916.272,0.009
DESJ0245_0556_J0245-0556_i_240px_hdu0,DESJ0245–0556,equal_pair,7,4916.265,0.002
DESJ0245_0556_J0245-0556_i_240px_hdu0,DESJ0245–0556,equal_pair,8,4916.264,0.001
DESJ0245_0556_J0245-0556_i_240px_hdu0,DESJ0245–0556,equal_pair,9,4916.272,0.009
DESJ0245_0556_J0245-0556_i_240px_hdu0,DESJ0245–0556,equal_pair,10,4916.264,0.001
DESJ0245_0556_J0245-0556_i_240px_hdu0,DESJ0245–0556,equal_pair,11,4916.265,0.002
DESJ0245_0556_J0245-0556_i_240px_hdu0,DESJ0245–0556,equal_pair,12,4916.277,0.014
DESJ0245_0556_J0245-0556_i_240px_hdu0,DESJ0245–0556,equal_pair,13,4916.263,0.0
DESJ0245_0556_J0245-0556_i_240px_hdu0,DESJ0245–0556,equal_pair,14,4916.265,0.002
DESJ0245_0556_J0245-0556_i_240px_hdu0,DESJ0245–0556,independent_pair,1,4845.329,0.001
DESJ0245_0556_J0245-0556_i_240px_hdu0,DESJ0245–0556,independent_pair,2,4845.337,0.009
DESJ0245_0556_J0245-0556_i_240px_hdu0,DESJ0245–0556,independent_pair,3,4845.337,0.009
DESJ0245_0556_J0245-0556_i_240px_hdu0,DESJ0245–0556,independent_pair,4,4845.338,0.01
DESJ0245_0556_J0245-0556_i_240px_hdu0,DESJ0245–0556,independent_pair,5,4845.328,0.0
DESJ0245_0556_J0245-0556_i_240px_hdu0,DESJ0245–0556,independent_pair,6,4845.333,0.005
DESJ0245_0556_J0245-0556_i_240px_hdu0,DESJ0245–0556,independent_pair,7,4845.329,0.001
DESJ0245_0556_J0245-0556_i_240px_hdu0,DESJ0245–0556,independent_pair,8,4845.331,0.003
DESJ0245_0556_J0245-0556_i_240px_hdu0,DESJ0245–0556,independent_pair,9,4845.33,0.002
DESJ0245_0556_J0245-0556_i_240px_hdu0,DESJ0245–0556,independent_pair,10,4845.33,0.002
DESJ0245_0556_J0245-0556_i_240px_hdu0,DESJ0245–0556,independent_pair,11,4845.329,0.001
DESJ0245_0556_J0245-0556_i_240px_hdu0,DESJ0245–0556,independent_pair,12,4845.329,0.001
DESJ0245_0556_J0245-0556_i_240px_hdu0,DESJ0245–0556,independent_pair,13,4845.329,0.001
DESJ0245_0556_J0245-0556_i_240px_hdu0,DESJ0245–0556,independent_pair,14,4845.329,0.001
DESJ0245_0556_J0245-0556_r_240px_hdu0,DESJ0245–0556,single,1,13959.085,0.006
DESJ0245_0556_J0245-0556_r_240px_hdu0,DESJ0245–0556,single,2,13959.079,0.0
DESJ0245_0556_J0245-0556_r_240px_hdu0,DESJ0245–0556,equal_pair,1,1724.44,0.002
DESJ0245_0556_J0245-0556_r_240px_hdu0,DESJ0245–0556,equal_pair,2,1724.439,0.001
DESJ0245_0556_J0245-0556_r_240px_hdu0,DESJ0245–0556,equal_pair,3,1724.439,0.001
DESJ0245_0556_J0245-0556_r_240px_hdu0,DESJ0245–0556,equal_pair,4,1724.438,0.0
DESJ0245_0556_J0245-0556_r_240px_hdu0,DESJ0245–0556,equal_pair,5,1724.44,0.002
DESJ0245_0556_J0245-0556_r_240px_hdu0,DESJ0245–0556,equal_pair,6,1724.439,0.001
DESJ0245_0556_J0245-0556_r_240px_hdu0,DESJ0245–0556,equal_pair,7,1724.44,0.002
DESJ0245_0556_J0245-0556_r_240px_hdu0,DESJ0245–0556,equal_pair,8,1724.438,0.0
DESJ0245_0556_J0245-0556_r_240px_hdu0,DESJ0245–0556,equal_pair,9,1724.439,0.001
DESJ0245_0556_J0245-0556_r_240px_hdu0,DESJ0245–0556,equal_pair,10,1724.438,0.0
DESJ0245_0556_J0245-0556_r_240px_hdu0,DESJ0245–0556,equal_pair,11,1724.439,0.001
DESJ0245_0556_J0245-0556_r_240px_hdu0,DESJ0245–0556,equal_pair,12,1724.439,0.001
DESJ0245_0556_J0245-0556_r_240px_hdu0,DESJ0245–0556,equal_pair,13,1724.439,0.001
DESJ0245_0556_J0245-0556_r_240px_hdu0,DESJ0245–0556,equal_pair,14,1724.438,0.0
DESJ0245_0556_J0245-0556_r_240px_hdu0,DESJ0245–0556,independent_pair,1,1668.234,0.0
DESJ0245_0556_J0245-0556_r_240px_hdu0,DESJ0245–0556,independent_pair,2,1668.235,0.001
DESJ0245_0556_J0245-0556_r_240px_hdu0,DESJ0245–0556,independent_pair,3,1668.234,0.0
DESJ0245_0556_J0245-0556_r_240px_hdu0,DESJ0245–0556,independent_pair,4,1668.235,0.001
DESJ0245_0556_J0245-0556_r_240px_hdu0,DESJ0245–0556,independent_pair,5,1668.234,0.0
DESJ0245_0556_J0245-0556_r_240px_hdu0,DESJ0245–0556,independent_pair,6,1668.234,0.0
DESJ0245_0556_J0245-0556_r_240px_hdu0,DESJ0245–0556,independent_pair,7,1668.234,0.0
DESJ0245_0556_J0245-0556_r_240px_hdu0,DESJ0245–0556,independent_pair,8,1668.235,0.001
DESJ0245_0556_J0245-0556_r_240px_hdu0,DESJ0245–0556,independent_pair,9,1668.234,0.0
DESJ0245_0556_J0245-0556_r_240px_hdu0,DESJ0245–0556,independent_pair,10,1668.234,0.0
DESJ0245_0556_J0245-0556_r_240px_hdu0,DESJ0245–0556,independent_pair,11,1668.234,0.0
DESJ0245_0556_J0245-0556_r_240px_hdu0,DESJ0245–0556,independent_pair,12,1668.234,0.0
DESJ0245_0556_J0245-0556_r_240px_hdu0,DESJ0245–0556,independent_pair,13,1668.234,0.0
DESJ0245_0556_J0245-0556_r_240px_hdu0,DESJ0245–0556,independent_pair,14,1668.234,0.0
J0116_4052_rings.v3.skycell.2161.028.stk.g.unconv_hdu1,J0116+4052,single,1,350.462,0.0
J0116_4052_rings.v3.skycell.2161.028.stk.g.unconv_hdu1,J0116+4052,single,2,350.462,0.0
J0116_4052_rings.v3.skycell.2161.028.stk.g.unconv_hdu1,J0116+4052,equal_pair,1,248.028,0.003
J0116_4052_rings.v3.skycell.2161.028.stk.g.unconv_hdu1,J0116+4052,equal_pair,2,248.027,0.002
J0116_4052_rings.v3.skycell.2161.028.stk.g.unconv_hdu1,J0116+4052,equal_pair,3,248.027,0.002
J0116_4052_rings.v3.skycell.2161.028.stk.g.unconv_hdu1,J0116+4052,equal_pair,4,248.025,0.0
J0116_4052_rings.v3.skycell.2161.028.stk.g.unconv_hdu1,J0116+4052,equal_pair,5,248.026,0.001
J0116_4052_rings.v3.skycell.2161.028.stk.g.unconv_hdu1,J0116+4052,equal_pair,6,248.028,0.003
J0116_4052_rings.v3.skycell.2161.028.stk.g.unconv_hdu1,J0116+4052,equal_pair,7,248.028,0.003
J0116_4052_rings.v3.skycell.2161.028.stk.g.unconv_hdu1,J0116+4052,equal_pair,8,265.058,17.033
J0116_4052_rings.v3.skycell.2161.028.stk.g.unconv_hdu1,J0116+4052,equal_pair,9,248.026,0.001
J0116_4052_rings.v3.skycell.2161.028.stk.g.unconv_hdu1,J0116+4052,equal_pair,10,248.028,0.003
J0116_4052_rings.v3.skycell.2161.028.stk.g.unconv_hdu1,J0116+4052,equal_pair,11,248.026,0.001
J0116_4052_rings.v3.skycell.2161.028.stk.g.unconv_hdu1,J0116+4052,equal_pair,12,248.025,0.0
J0116_4052_rings.v3.skycell.2161.028.stk.g.unconv_hdu1,J0116+4052,equal_pair,13,248.027,0.002
J0116_4052_rings.v3.skycell.2161.028.stk.g.unconv_hdu1,J0116+4052,equal_pair,14,248.025,0.0
J0116_4052_rings.v3.skycell.2161.028.stk.g.unconv_hdu1,J0116+4052,independent_pair,1,246.11,0.0
J0116_4052_rings.v3.skycell.2161.028.stk.g.unconv_hdu1,J0116+4052,independent_pair,2,246.112,0.002
J0116_4052_rings.v3.skycell.2161.028.stk.g.unconv_hdu1,J0116+4052,independent_pair,3,246.115,0.005
J0116_4052_rings.v3.skycell.2161.028.stk.g.unconv_hdu1,J0116+4052,independent_pair,4,246.112,0.002
J0116_4052_rings.v3.skycell.2161.028.stk.g.unconv_hdu1,J0116+4052,independent_pair,5,246.113,0.003
J0116_4052_rings.v3.skycell.2161.028.stk.g.unconv_hdu1,J0116+4052,independent_pair,6,246.115,0.005
J0116_4052_rings.v3.skycell.2161.028.stk.g.unconv_hdu1,J0116+4052,independent_pair,7,246.113,0.003
J0116_4052_rings.v3.skycell.2161.028.stk.g.unconv_hdu1,J0116+4052,independent_pair,8,246.114,0.004
J0116_4052_rings.v3.skycell.2161.028.stk.g.unconv_hdu1,J0116+4052,independent_pair,9,246.115,0.005
J0116_4052_rings.v3.skycell.2161.028.stk.g.unconv_hdu1,J0116+4052,independent_pair,10,246.115,0.005
J0116_4052_rings.v3.skycell.2161.028.stk.g.unconv_hdu1,J0116+4052,independent_pair,11,246.113,0.003
J0116_4052_rings.v3.skycell.2161.028.stk.g.unconv_hdu1,J0116+4052,independent_pair,12,246.113,0.003
J0116_4052_rings.v3.skycell.2161.028.stk.g.unconv_hdu1,J0116+4052,independent_pair,13,246.115,0.005
J0116_4052_rings.v3.skycell.2161.028.stk.g.unconv_hdu1,J0116+4052,independent_pair,14,246.114,0.004
J0116_4052_rings.v3.skycell.2161.028.stk.i.unconv_hdu1,J0116+4052,single,1,396.934,0.002
J0116_4052_rings.v3.skycell.2161.028.stk.i.unconv_hdu1,J0116+4052,single,2,396.932,0.0
J0116_4052_rings.v3.skycell.2161.028.stk.i.unconv_hdu1,J0116+4052,equal_pair,1,289.569,0.001
J0116_4052_rings.v3.skycell.2161.028.stk.i.unconv_hdu1,J0116+4052,equal_pair,2,289.568,0.0
J0116_4052_rings.v3.skycell.2161.028.stk.i.unconv_hdu1,J0116+4052,equal_pair,3,289.572,0.004
J0116_4052_rings.v3.skycell.2161.028.stk.i.unconv_hdu1,J0116+4052,equal_pair,4,289.571,0.003
J0116_4052_rings.v3.skycell.2161.028.stk.i.unconv_hdu1,J0116+4052,equal_pair,5,289.573,0.005
J0116_4052_rings.v3.skycell.2161.028.stk.i.unconv_hdu1,J0116+4052,equal_pair,6,289.569,0.001
J0116_4052_rings.v3.skycell.2161.028.stk.i.unconv_hdu1,J0116+4052,equal_pair,7,289.57,0.002
J0116_4052_rings.v3.skycell.2161.028.stk.i.unconv_hdu1,J0116+4052,equal_pair,8,304.563,14.995
J0116_4052_rings.v3.skycell.2161.028.stk.i.unconv_hdu1,J0116+4052,equal_pair,9,289.571,0.003
J0116_4052_rings.v3.skycell.2161.028.stk.i.unconv_hdu1,J0116+4052,equal_pair,10,289.57,0.002
J0116_4052_rings.v3.skycell.2161.028.stk.i.unconv_hdu1,J0116+4052,equal_pair,11,289.571,0.003
J0116_4052_rings.v3.skycell.2161.028.stk.i.unconv_hdu1,J0116+4052,equal_pair,12,289.569,0.001
J0116_4052_rings.v3.skycell.2161.028.stk.i.unconv_hdu1,J0116+4052,equal_pair,13,289.57,0.002
J0116_4052_rings.v3.skycell.2161.028.stk.i.unconv_hdu1,J0116+4052,equal_pair,14,289.57,0.002
J0116_4052_rings.v3.skycell.2161.028.stk.i.unconv_hdu1,J0116+4052,independent_pair,1,287.837,0.0
J0116_4052_rings.v3.skycell.2161.028.stk.i.unconv_hdu1,J0116+4052,independent_pair,2,287.842,0.005
J0116_4052_rings.v3.skycell.2161.028.stk.i.unconv_hdu1,J0116+4052,independent_pair,3,287.844,0.007
J0116_4052_rings.v3.skycell.2161.028.stk.i.unconv_hdu1,J0116+4052,independent_pair,4,287.842,0.005
J0116_4052_rings.v3.skycell.2161.028.stk.i.unconv_hdu1,J0116+4052,independent_pair,5,287.845,0.008
J0116_4052_rings.v3.skycell.2161.028.stk.i.unconv_hdu1,J0116+4052,independent_pair,6,287.84,0.003
J0116_4052_rings.v3.skycell.2161.028.stk.i.unconv_hdu1,J0116+4052,independent_pair,7,287.845,0.008
J0116_4052_rings.v3.skycell.2161.028.stk.i.unconv_hdu1,J0116+4052,independent_pair,8,287.841,0.004
J0116_4052_rings.v3.skycell.2161.028.stk.i.unconv_hdu1,J0116+4052,independent_pair,9,287.842,0.005
J0116_4052_rings.v3.skycell.2161.028.stk.i.unconv_hdu1,J0116+4052,independent_pair,10,287.841,0.004
J0116_4052_rings.v3.skycell.2161.028.stk.i.unconv_hdu1,J0116+4052,independent_pair,11,287.842,0.005
J0116_4052_rings.v3.skycell.2161.028.stk.i.unconv_hdu1,J0116+4052,independent_pair,12,287.844,0.007
J0116_4052_rings.v3.skycell.2161.028.stk.i.unconv_hdu1,J0116+4052,independent_pair,13,287.845,0.008
J0116_4052_rings.v3.skycell.2161.028.stk.i.unconv_hdu1,J0116+4052,independent_pair,14,287.84,0.003
J0116_4052_rings.v3.skycell.2161.028.stk.r.unconv_hdu1,J0116+4052,single,1,332.084,0.0
J0116_4052_rings.v3.skycell.2161.028.stk.r.unconv_hdu1,J0116+4052,single,2,332.094,0.01
J0116_4052_rings.v3.skycell.2161.028.stk.r.unconv_hdu1,J0116+4052,equal_pair,1,232.311,0.001
J0116_4052_rings.v3.skycell.2161.028.stk.r.unconv_hdu1,J0116+4052,equal_pair,2,232.311,0.001
J0116_4052_rings.v3.skycell.2161.028.stk.r.unconv_hdu1,J0116+4052,equal_pair,3,232.312,0.002
J0116_4052_rings.v3.skycell.2161.028.stk.r.unconv_hdu1,J0116+4052,equal_pair,4,232.311,0.001
J0116_4052_rings.v3.skycell.2161.028.stk.r.unconv_hdu1,J0116+4052,equal_pair,5,232.313,0.003
J0116_4052_rings.v3.skycell.2161.028.stk.r.unconv_hdu1,J0116+4052,equal_pair,6,232.31,0.0
J0116_4052_rings.v3.skycell.2161.028.stk.r.unconv_hdu1,J0116+4052,equal_pair,7,232.312,0.002
J0116_4052_rings.v3.skycell.2161.028.stk.r.unconv_hdu1,J0116+4052,equal_pair,8,248.045,15.735
J0116_4052_rings.v3.skycell.2161.028.stk.r.unconv_hdu1,J0116+4052,equal_pair,9,232.311,0.001
J0116_4052_rings.v3.skycell.2161.028.stk.r.unconv_hdu1,J0116+4052,equal_pair,10,232.312,0.002
J0116_4052_rings.v3.skycell.2161.028.stk.r.unconv_hdu1,J0116+4052,equal_pair,11,232.311,0.001
J0116_4052_rings.v3.skycell.2161.028.stk.r.unconv_hdu1,J0116+4052,equal_pair,12,232.312,0.002
J0116_4052_rings.v3.skycell.2161.028.stk.r.unconv_hdu1,J0116+4052,equal_pair,13,232.31,0.0
J0116_4052_rings.v3.skycell.2161.028.stk.r.unconv_hdu1,J0116+4052,equal_pair,14,232.311,0.001
J0116_4052_rings.v3.skycell.2161.028.stk.r.unconv_hdu1,J0116+4052,independent_pair,1,230.658,0.0
J0116_4052_rings.v3.skycell.2161.028.stk.r.unconv_hdu1,J0116+4052,independent_pair,2,230.66,0.002
J0116_4052_rings.v3.skycell.2161.028.stk.r.unconv_hdu1,J0116+4052,independent_pair,3,230.659,0.001
J0116_4052_rings.v3.skycell.2161.028.stk.r.unconv_hdu1,J0116+4052,independent_pair,4,230.661,0.003
J0116_4052_rings.v3.skycell.2161.028.stk.r.unconv_hdu1,J0116+4052,independent_pair,5,230.658,0.0
J0116_4052_rings.v3.skycell.2161.028.stk.r.unconv_hdu1,J0116+4052,independent_pair,6,230.659,0.001
J0116_4052_rings.v3.skycell.2161.028.stk.r.unconv_hdu1,J0116+4052,independent_pair,7,230.659,0.001
J0116_4052_rings.v3.skycell.2161.028.stk.r.unconv_hdu1,J0116+4052,independent_pair,8,230.661,0.003
J0116_4052_rings.v3.skycell.2161.028.stk.r.unconv_hdu1,J0116+4052,independent_pair,9,230.659,0.001
J0116_4052_rings.v3.skycell.2161.028.stk.r.unconv_hdu1,J0116+4052,independent_pair,10,230.66,0.002
J0116_4052_rings.v3.skycell.2161.028.stk.r.unconv_hdu1,J0116+4052,independent_pair,11,230.661,0.003
J0116_4052_rings.v3.skycell.2161.028.stk.r.unconv_hdu1,J0116+4052,independent_pair,12,230.662,0.004
J0116_4052_rings.v3.skycell.2161.028.stk.r.unconv_hdu1,J0116+4052,independent_pair,13,230.659,0.001
J0116_4052_rings.v3.skycell.2161.028.stk.r.unconv_hdu1,J0116+4052,independent_pair,14,230.661,0.003
J0116_4052_rings.v3.skycell.2161.028.stk.y.unconv_hdu1,J0116+4052,single,1,237.555,0.0
J0116_4052_rings.v3.skycell.2161.028.stk.y.unconv_hdu1,J0116+4052,single,2,237.555,0.0
J0116_4052_rings.v3.skycell.2161.028.stk.y.unconv_hdu1,J0116+4052,equal_pair,1,205.25,0.0
J0116_4052_rings.v3.skycell.2161.028.stk.y.unconv_hdu1,J0116+4052,equal_pair,2,205.25,0.0
J0116_4052_rings.v3.skycell.2161.028.stk.y.unconv_hdu1,J0116+4052,equal_pair,3,205.251,0.001
J0116_4052_rings.v3.skycell.2161.028.stk.y.unconv_hdu1,J0116+4052,equal_pair,4,205.251,0.001
J0116_4052_rings.v3.skycell.2161.028.stk.y.unconv_hdu1,J0116+4052,equal_pair,5,205.25,0.0
J0116_4052_rings.v3.skycell.2161.028.stk.y.unconv_hdu1,J0116+4052,equal_pair,6,205.25,0.0
J0116_4052_rings.v3.skycell.2161.028.stk.y.unconv_hdu1,J0116+4052,equal_pair,7,205.251,0.001
J0116_4052_rings.v3.skycell.2161.028.stk.y.unconv_hdu1,J0116+4052,equal_pair,8,221.24,15.99
J0116_4052_rings.v3.skycell.2161.028.stk.y.unconv_hdu1,J0116+4052,equal_pair,9,205.251,0.001
J0116_4052_rings.v3.skycell.2161.028.stk.y.unconv_hdu1,J0116+4052,equal_pair,10,205.25,0.0
J0116_4052_rings.v3.skycell.2161.028.stk.y.unconv_hdu1,J0116+4052,equal_pair,11,205.251,0.001
J0116_4052_rings.v3.skycell.2161.028.stk.y.unconv_hdu1,J0116+4052,equal_pair,12,205.25,0.0
J0116_4052_rings.v3.skycell.2161.028.stk.y.unconv_hdu1,J0116+4052,equal_pair,13,205.251,0.001
J0116_4052_rings.v3.skycell.2161.028.stk.y.unconv_hdu1,J0116+4052,equal_pair,14,205.251,0.001
J0116_4052_rings.v3.skycell.2161.028.stk.y.unconv_hdu1,J0116+4052,independent_pair,1,201.303,0.0
J0116_4052_rings.v3.skycell.2161.028.stk.y.unconv_hdu1,J0116+4052,independent_pair,2,201.303,0.0
J0116_4052_rings.v3.skycell.2161.028.stk.y.unconv_hdu1,J0116+4052,independent_pair,3,201.303,0.0
J0116_4052_rings.v3.skycell.2161.028.stk.y.unconv_hdu1,J0116+4052,independent_pair,4,201.303,0.0
J0116_4052_rings.v3.skycell.2161.028.stk.y.unconv_hdu1,J0116+4052,independent_pair,5,201.303,0.0
J0116_4052_rings.v3.skycell.2161.028.stk.y.unconv_hdu1,J0116+4052,independent_pair,6,201.303,0.0
J0116_4052_rings.v3.skycell.2161.028.stk.y.unconv_hdu1,J0116+4052,independent_pair,7,201.303,0.0
J0116_4052_rings.v3.skycell.2161.028.stk.y.unconv_hdu1,J0116+4052,independent_pair,8,201.303,0.0
J0116_4052_rings.v3.skycell.2161.028.stk.y.unconv_hdu1,J0116+4052,independent_pair,9,201.303,0.0
J0116_4052_rings.v3.skycell.2161.028.stk.y.unconv_hdu1,J0116+4052,independent_pair,10,201.303,0.0
J0116_4052_rings.v3.skycell.2161.028.stk.y.unconv_hdu1,J0116+4052,independent_pair,11,201.303,0.0
J0116_4052_rings.v3.skycell.2161.028.stk.y.unconv_hdu1,J0116+4052,independent_pair,12,201.303,0.0
J0116_4052_rings.v3.skycell.2161.028.stk.y.unconv_hdu1,J0116+4052,independent_pair,13,201.303,0.0
J0116_4052_rings.v3.skycell.2161.028.stk.y.unconv_hdu1,J0116+4052,independent_pair,14,201.303,0.0
J0116_4052_rings.v3.skycell.2161.028.stk.z.unconv_hdu1,J0116+4052,single,1,249.311,0.001
J0116_4052_rings.v3.skycell.2161.028.stk.z.unconv_hdu1,J0116+4052,single,2,249.31,0.0
J0116_4052_rings.v3.skycell.2161.028.stk.z.unconv_hdu1,J0116+4052,equal_pair,1,180.742,0.001
J0116_4052_rings.v3.skycell.2161.028.stk.z.unconv_hdu1,J0116+4052,equal_pair,2,180.741,0.0
J0116_4052_rings.v3.skycell.2161.028.stk.z.unconv_hdu1,J0116+4052,equal_pair,3,180.741,0.0
J0116_4052_rings.v3.skycell.2161.028.stk.z.unconv_hdu1,J0116+4052,equal_pair,4,180.741,0.0
J0116_4052_rings.v3.skycell.2161.028.stk.z.unconv_hdu1,J0116+4052,equal_pair,5,180.742,0.001
J0116_4052_rings.v3.skycell.2161.028.stk.z.unconv_hdu1,J0116+4052,equal_pair,6,180.741,0.0
J0116_4052_rings.v3.skycell.2161.028.stk.z.unconv_hdu1,J0116+4052,equal_pair,7,180.742,0.001
J0116_4052_rings.v3.skycell.2161.028.stk.z.unconv_hdu1,J0116+4052,equal_pair,8,195.9,15.159
J0116_4052_rings.v3.skycell.2161.028.stk.z.unconv_hdu1,J0116+4052,equal_pair,9,180.741,0.0
J0116_4052_rings.v3.skycell.2161.028.stk.z.unconv_hdu1,J0116+4052,equal_pair,10,180.742,0.001
J0116_4052_rings.v3.skycell.2161.028.stk.z.unconv_hdu1,J0116+4052,equal_pair,11,180.741,0.0
J0116_4052_rings.v3.skycell.2161.028.stk.z.unconv_hdu1,J0116+4052,equal_pair,12,180.742,0.001
J0116_4052_rings.v3.skycell.2161.028.stk.z.unconv_hdu1,J0116+4052,equal_pair,13,180.742,0.001
J0116_4052_rings.v3.skycell.2161.028.stk.z.unconv_hdu1,J0116+4052,equal_pair,14,180.742,0.001
J0116_4052_rings.v3.skycell.2161.028.stk.z.unconv_hdu1,J0116+4052,independent_pair,1,178.923,0.0
J0116_4052_rings.v3.skycell.2161.028.stk.z.unconv_hdu1,J0116+4052,independent_pair,2,178.923,0.0
J0116_4052_rings.v3.skycell.2161.028.stk.z.unconv_hdu1,J0116+4052,independent_pair,3,178.924,0.001
J0116_4052_rings.v3.skycell.2161.028.stk.z.unconv_hdu1,J0116+4052,independent_pair,4,178.924,0.001
J0116_4052_rings.v3.skycell.2161.028.stk.z.unconv_hdu1,J0116+4052,independent_pair,5,178.925,0.002
J0116_4052_rings.v3.skycell.2161.028.stk.z.unconv_hdu1,J0116+4052,independent_pair,6,178.925,0.002
J0116_4052_rings.v3.skycell.2161.028.stk.z.unconv_hdu1,J0116+4052,independent_pair,7,178.925,0.002
J0116_4052_rings.v3.skycell.2161.028.stk.z.unconv_hdu1,J0116+4052,independent_pair,8,178.924,0.001
J0116_4052_rings.v3.skycell.2161.028.stk.z.unconv_hdu1,J0116+4052,independent_pair,9,178.924,0.001
J0116_4052_rings.v3.skycell.2161.028.stk.z.unconv_hdu1,J0116+4052,independent_pair,10,178.924,0.001
J0116_4052_rings.v3.skycell.2161.028.stk.z.unconv_hdu1,J0116+4052,independent_pair,11,178.925,0.002
J0116_4052_rings.v3.skycell.2161.028.stk.z.unconv_hdu1,J0116+4052,independent_pair,12,178.924,0.001
J0116_4052_rings.v3.skycell.2161.028.stk.z.unconv_hdu1,J0116+4052,independent_pair,13,178.924,0.001
J0116_4052_rings.v3.skycell.2161.028.stk.z.unconv_hdu1,J0116+4052,independent_pair,14,178.924,0.001
J0127_1441_jf5622010_drc_hdu1,J0127–1441,single,1,33245.321,0.002
J0127_1441_jf5622010_drc_hdu1,J0127–1441,single,2,33245.319,0.0
J0127_1441_jf5622010_drc_hdu1,J0127–1441,equal_pair,1,27346.346,2.0
J0127_1441_jf5622010_drc_hdu1,J0127–1441,equal_pair,2,27346.803,2.457
J0127_1441_jf5622010_drc_hdu1,J0127–1441,equal_pair,3,27345.257,0.911
J0127_1441_jf5622010_drc_hdu1,J0127–1441,equal_pair,4,27347.658,3.312
J0127_1441_jf5622010_drc_hdu1,J0127–1441,equal_pair,5,27347.967,3.621
J0127_1441_jf5622010_drc_hdu1,J0127–1441,equal_pair,6,27344.346,0.0
J0127_1441_jf5622010_drc_hdu1,J0127–1441,equal_pair,7,27345.532,1.186
J0127_1441_jf5622010_drc_hdu1,J0127–1441,equal_pair,8,27585.157,240.811
J0127_1441_jf5622010_drc_hdu1,J0127–1441,equal_pair,9,27344.868,0.522
J0127_1441_jf5622010_drc_hdu1,J0127–1441,equal_pair,10,27345.34,0.994
J0127_1441_jf5622010_drc_hdu1,J0127–1441,equal_pair,11,27347.123,2.777
J0127_1441_jf5622010_drc_hdu1,J0127–1441,equal_pair,12,27348.779,4.433
J0127_1441_jf5622010_drc_hdu1,J0127–1441,equal_pair,13,27344.936,0.59
J0127_1441_jf5622010_drc_hdu1,J0127–1441,equal_pair,14,27345.513,1.167
J0127_1441_jf5622010_drc_hdu1,J0127–1441,independent_pair,1,24327.632,0.497
J0127_1441_jf5622010_drc_hdu1,J0127–1441,independent_pair,2,24327.212,0.077
J0127_1441_jf5622010_drc_hdu1,J0127–1441,independent_pair,3,24327.215,0.08
J0127_1441_jf5622010_drc_hdu1,J0127–1441,independent_pair,4,24327.45,0.315
J0127_1441_jf5622010_drc_hdu1,J0127–1441,independent_pair,5,24327.84,0.705
J0127_1441_jf5622010_drc_hdu1,J0127–1441,independent_pair,6,24327.454,0.319
J0127_1441_jf5622010_drc_hdu1,J0127–1441,independent_pair,7,24327.978,0.843
J0127_1441_jf5622010_drc_hdu1,J0127–1441,independent_pair,8,24327.135,0.0
J0127_1441_jf5622010_drc_hdu1,J0127–1441,independent_pair,9,24327.461,0.326
J0127_1441_jf5622010_drc_hdu1,J0127–1441,independent_pair,10,24327.818,0.683
J0127_1441_jf5622010_drc_hdu1,J0127–1441,independent_pair,11,24327.557,0.422
J0127_1441_jf5622010_drc_hdu1,J0127–1441,independent_pair,12,24327.84,0.705
J0127_1441_jf5622010_drc_hdu1,J0127–1441,independent_pair,13,24327.606,0.471
J0127_1441_jf5622010_drc_hdu1,J0127–1441,independent_pair,14,24327.495,0.36
J0146_1133_jf5628010_drc_hdu1,J0146–1133,single,1,670991.081,0.0
J0146_1133_jf5628010_drc_hdu1,J0146–1133,single,2,670991.309,0.228
J0146_1133_jf5628010_drc_hdu1,J0146–1133,equal_pair,1,411548.558,0.0
J0146_1133_jf5628010_drc_hdu1,J0146–1133,equal_pair,2,659430.365,247881.807
J0146_1133_jf5628010_drc_hdu1,J0146–1133,equal_pair,3,937925.588,526377.03
J0146_1133_jf5628010_drc_hdu1,J0146–1133,equal_pair,4,659437.43,247888.872
J0146_1133_jf5628010_drc_hdu1,J0146–1133,equal_pair,5,659436.772,247888.214
J0146_1133_jf5628010_drc_hdu1,J0146–1133,equal_pair,6,937927.207,526378.649
J0146_1133_jf5628010_drc_hdu1,J0146–1133,equal_pair,7,659430.809,247882.251
J0146_1133_jf5628010_drc_hdu1,J0146–1133,equal_pair,8,659437.21,247888.652
J0146_1133_jf5628010_drc_hdu1,J0146–1133,equal_pair,9,938358.226,526809.668
J0146_1133_jf5628010_drc_hdu1,J0146–1133,equal_pair,10,659429.987,247881.429
J0146_1133_jf5628010_drc_hdu1,J0146–1133,equal_pair,11,659436.518,247887.96
J0146_1133_jf5628010_drc_hdu1,J0146–1133,equal_pair,12,937928.13,526379.572
J0146_1133_jf5628010_drc_hdu1,J0146–1133,equal_pair,13,659428.447,247879.889
J0146_1133_jf5628010_drc_hdu1,J0146–1133,equal_pair,14,659425.623,247877.065
J0146_1133_jf5628010_drc_hdu1,J0146–1133,independent_pair,1,408623.336,0.0
J0146_1133_jf5628010_drc_hdu1,J0146–1133,independent_pair,2,408623.432,0.096
J0146_1133_jf5628010_drc_hdu1,J0146–1133,independent_pair,3,408623.433,0.097
J0146_1133_jf5628010_drc_hdu1,J0146–1133,independent_pair,4,408624.107,0.771
J0146_1133_jf5628010_drc_hdu1,J0146–1133,independent_pair,5,645870.019,237246.683
J0146_1133_jf5628010_drc_hdu1,J0146–1133,independent_pair,6,647685.627,239062.291
J0146_1133_jf5628010_drc_hdu1,J0146–1133,independent_pair,7,647690.437,239067.101
J0146_1133_jf5628010_drc_hdu1,J0146–1133,independent_pair,8,651174.7,242551.364
J0146_1133_jf5628010_drc_hdu1,J0146–1133,independent_pair,9,647691.347,239068.011
J0146_1133_jf5628010_drc_hdu1,J0146–1133,independent_pair,10,647683.372,239060.036
J0146_1133_jf5628010_drc_hdu1,J0146–1133,independent_pair,11,647681.012,239057.676
J0146_1133_jf5628010_drc_hdu1,J0146–1133,independent_pair,12,647687.038,239063.702
J0146_1133_jf5628010_drc_hdu1,J0146–1133,independent_pair,13,645877.666,237254.33
J0146_1133_jf5628010_drc_hdu1,J0146–1133,independent_pair,14,647687.604,239064.268
J0146_1133_jf5628010_drc_hdu1,J0146–1133,pair_galaxy,1,207035.77,0.298
J0146_1133_jf5628010_drc_hdu1,J0146–1133,pair_galaxy,2,207036.963,1.491
J0146_1133_jf5628010_drc_hdu1,J0146–1133,pair_galaxy,3,207036.306,0.834
J0146_1133_jf5628010_drc_hdu1,J0146–1133,pair_galaxy,4,207035.495,0.023
J0146_1133_jf5628010_drc_hdu1,J0146–1133,pair_galaxy,5,207035.733,0.261
J0146_1133_jf5628010_drc_hdu1,J0146–1133,pair_galaxy,6,207035.472,0.0
J0146_1133_jf5628010_drc_hdu1,J0146–1133,pair_galaxy,7,207036.412,0.94
J0146_1133_jf5628010_drc_hdu1,J0146–1133,pair_galaxy,8,207035.966,0.494
J0146_1133_jf5628010_drc_hdu1,J0146–1133,pair_galaxy,9,207036.21,0.738
J0146_1133_jf5628010_drc_hdu1,J0146–1133,pair_galaxy,10,207035.73,0.258
J0146_1133_jf5628010_drc_hdu1,J0146–1133,pair_galaxy,11,207036.487,1.015
J0146_1133_jf5628010_drc_hdu1,J0146–1133,pair_galaxy,12,207036.865,1.393
J0146_1133_jf5628010_drc_hdu1,J0146–1133,pair_galaxy,13,207035.513,0.041
J0146_1133_jf5628010_drc_hdu1,J0146–1133,pair_galaxy,14,207036.081,0.609
J0325-2232_J0325-2232_i_240px_hdu0,J0325-2232,single,1,4661.404,0.0
J0325-2232_J0325-2232_i_240px_hdu0,J0325-2232,single,2,4661.443,0.039
J0325-2232_J0325-2232_i_240px_hdu0,J0325-2232,equal_pair,1,10382.42,9241.375
J0325-2232_J0325-2232_i_240px_hdu0,J0325-2232,equal_pair,2,1141.046,0.001
J0325-2232_J0325-2232_i_240px_hdu0,J0325-2232,equal_pair,3,1141.045,0.0
J0325-2232_J0325-2232_i_240px_hdu0,J0325-2232,equal_pair,4,1141.045,0.0
J0325-2232_J0325-2232_i_240px_hdu0,J0325-2232,equal_pair,5,1141.045,0.0
J0325-2232_J0325-2232_i_240px_hdu0,J0325-2232,equal_pair,6,1141.045,0.0
J0325-2232_J0325-2232_i_240px_hdu0,J0325-2232,equal_pair,7,1141.045,0.0
J0325-2232_J0325-2232_i_240px_hdu0,J0325-2232,equal_pair,8,1141.045,0.0
J0325-2232_J0325-2232_i_240px_hdu0,J0325-2232,equal_pair,9,1141.046,0.001
J0325-2232_J0325-2232_i_240px_hdu0,J0325-2232,equal_pair,10,1141.046,0.001
J0325-2232_J0325-2232_i_240px_hdu0,J0325-2232,equal_pair,11,1141.046,0.001
J0325-2232_J0325-2232_i_240px_hdu0,J0325-2232,equal_pair,12,1141.045,0.0
J0325-2232_J0325-2232_i_240px_hdu0,J0325-2232,equal_pair,13,1141.045,0.0
J0325-2232_J0325-2232_i_240px_hdu0,J0325-2232,equal_pair,14,1141.045,0.0
J0325-2232_J0325-2232_i_240px_hdu0,J0325-2232,independent_pair,1,951.046,0.0
J0325-2232_J0325-2232_i_240px_hdu0,J0325-2232,independent_pair,2,951.046,0.0
J0325-2232_J0325-2232_i_240px_hdu0,J0325-2232,independent_pair,3,951.046,0.0
J0325-2232_J0325-2232_i_240px_hdu0,J0325-2232,independent_pair,4,951.046,0.0
J0325-2232_J0325-2232_i_240px_hdu0,J0325-2232,independent_pair,5,951.046,0.0
J0325-2232_J0325-2232_i_240px_hdu0,J0325-2232,independent_pair,6,951.046,0.0
J0325-2232_J0325-2232_i_240px_hdu0,J0325-2232,independent_pair,7,951.046,0.0
J0325-2232_J0325-2232_i_240px_hdu0,J0325-2232,independent_pair,8,951.046,0.0
J0325-2232_J0325-2232_i_240px_hdu0,J0325-2232,independent_pair,9,951.046,0.0
J0325-2232_J0325-2232_i_240px_hdu0,J0325-2232,independent_pair,10,951.046,0.0
J0325-2232_J0325-2232_i_240px_hdu0,J0325-2232,independent_pair,11,951.046,0.0
J0325-2232_J0325-2232_i_240px_hdu0,J0325-2232,independent_pair,12,951.046,0.0
J0325-2232_J0325-2232_i_240px_hdu0,J0325-2232,independent_pair,13,951.046,0.0
J0325-2232_J0325-2232_i_240px_hdu0,J0325-2232,independent_pair,14,951.046,0.0
J0325-2232_J0325-2232_r_240px_hdu0,J0325-2232,single,1,5953.308,0.0
J0325-2232_J0325-2232_r_240px_hdu0,J0325-2232,single,2,5953.395,0.087
J0325-2232_J0325-2232_r_240px_hdu0,J0325-2232,equal_pair,1,929.254,0.0
J0325-2232_J0325-2232_r_240px_hdu0,J0325-2232,equal_pair,2,929.254,0.0
J0325-2232_J0325-2232_r_240px_hdu0,J0325-2232,equal_pair,3,929.285,0.031
J0325-2232_J0325-2232_r_240px_hdu0,J0325-2232,equal_pair,4,929.254,0.0
J0325-2232_J0325-2232_r_240px_hdu0,J0325-2232,equal_pair,5,929.254,0.0
J0325-2232_J0325-2232_r_240px_hdu0,J0325-2232,equal_pair,6,929.254,0.0
J0325-2232_J0325-2232_r_240px_hdu0,J0325-2232,equal_pair,7,929.254,0.0
J0325-2232_J0325-2232_r_240px_hdu0,J0325-2232,equal_pair,8,929.254,0.0
J0325-2232_J0325-2232_r_240px_hdu0,J0325-2232,equal_pair,9,929.255,0.001
J0325-2232_J0325-2232_r_240px_hdu0,J0325-2232,equal_pair,10,929.254,0.0
J0325-2232_J0325-2232_r_240px_hdu0,J0325-2232,equal_pair,11,929.254,0.0
J0325-2232_J0325-2232_r_240px_hdu0,J0325-2232,equal_pair,12,929.254,0.0
J0325-2232_J0325-2232_r_240px_hdu0,J0325-2232,equal_pair,13,929.254,0.0
J0325-2232_J0325-2232_r_240px_hdu0,J0325-2232,equal_pair,14,929.254,0.0
J0325-2232_J0325-2232_r_240px_hdu0,J0325-2232,independent_pair,1,802.595,0.0
J0325-2232_J0325-2232_r_240px_hdu0,J0325-2232,independent_pair,2,802.595,0.0
J0325-2232_J0325-2232_r_240px_hdu0,J0325-2232,independent_pair,3,802.595,0.0
J0325-2232_J0325-2232_r_240px_hdu0,J0325-2232,independent_pair,4,802.595,0.0
J0325-2232_J0325-2232_r_240px_hdu0,J0325-2232,independent_pair,5,802.595,0.0
J0325-2232_J0325-2232_r_240px_hdu0,J0325-2232,independent_pair,6,802.595,0.0
J0325-2232_J0325-2232_r_240px_hdu0,J0325-2232,independent_pair,7,802.595,0.0
J0325-2232_J0325-2232_r_240px_hdu0,J0325-2232,independent_pair,8,802.595,0.0
J0325-2232_J0325-2232_r_240px_hdu0,J0325-2232,independent_pair,9,802.595,0.0
J0325-2232_J0325-2232_r_240px_hdu0,J0325-2232,independent_pair,10,802.595,0.0
J0325-2232_J0325-2232_r_240px_hdu0,J0325-2232,independent_pair,11,802.595,0.0
J0325-2232_J0325-2232_r_240px_hdu0,J0325-2232,independent_pair,12,802.595,0.0
J0325-2232_J0325-2232_r_240px_hdu0,J0325-2232,independent_pair,13,802.595,0.0
J0325-2232_J0325-2232_r_240px_hdu0,J0325-2232,independent_pair,14,802.595,0.0
J0749_2255_hst_skycell-p1791x05y15_wfc3_uvis_f475w_all_drc_hdu1,J0749+2255,single,1,33062.266,0.0
J0749_2255_hst_skycell-p1791x05y15_wfc3_uvis_f475w_all_drc_hdu1,J0749+2255,single,2,33062.277,0.011
J0749_2255_hst_skycell-p1791x05y15_wfc3_uvis_f475w_all_drc_hdu1,J0749+2255,equal_pair,1,55024.769,23912.926
J0749_2255_hst_skycell-p1791x05y15_wfc3_uvis_f475w_all_drc_hdu1,J0749+2255,equal_pair,2,31111.843,0.0
J0749_2255_hst_skycell-p1791x05y15_wfc3_uvis_f475w_all_drc_hdu1,J0749+2255,equal_pair,3,31111.94,0.097
J0749_2255_hst_skycell-p1791x05y15_wfc3_uvis_f475w_all_drc_hdu1,J0749+2255,equal_pair,4,31112.015,0.172
J0749_2255_hst_skycell-p1791x05y15_wfc3_uvis_f475w_all_drc_hdu1,J0749+2255,equal_pair,5,31111.895,0.052
J0749_2255_hst_skycell-p1791x05y15_wfc3_uvis_f475w_all_drc_hdu1,J0749+2255,equal_pair,6,31111.872,0.029
J0749_2255_hst_skycell-p1791x05y15_wfc3_uvis_f475w_all_drc_hdu1,J0749+2255,equal_pair,7,31111.973,0.13
J0749_2255_hst_skycell-p1791x05y15_wfc3_uvis_f475w_all_drc_hdu1,J0749+2255,equal_pair,8,31111.976,0.133
J0749_2255_hst_skycell-p1791x05y15_wfc3_uvis_f475w_all_drc_hdu1,J0749+2255,equal_pair,9,31111.862,0.019
J0749_2255_hst_skycell-p1791x05y15_wfc3_uvis_f475w_all_drc_hdu1,J0749+2255,equal_pair,10,31111.877,0.034
J0749_2255_hst_skycell-p1791x05y15_wfc3_uvis_f475w_all_drc_hdu1,J0749+2255,equal_pair,11,31111.867,0.024
J0749_2255_hst_skycell-p1791x05y15_wfc3_uvis_f475w_all_drc_hdu1,J0749+2255,equal_pair,12,31111.869,0.026
J0749_2255_hst_skycell-p1791x05y15_wfc3_uvis_f475w_all_drc_hdu1,J0749+2255,equal_pair,13,31111.929,0.086
J0749_2255_hst_skycell-p1791x05y15_wfc3_uvis_f475w_all_drc_hdu1,J0749+2255,equal_pair,14,31111.939,0.096
J0749_2255_hst_skycell-p1791x05y15_wfc3_uvis_f475w_all_drc_hdu1,J0749+2255,independent_pair,1,30355.739,15010.453
J0749_2255_hst_skycell-p1791x05y15_wfc3_uvis_f475w_all_drc_hdu1,J0749+2255,independent_pair,2,15345.288,0.002
J0749_2255_hst_skycell-p1791x05y15_wfc3_uvis_f475w_all_drc_hdu1,J0749+2255,independent_pair,3,15345.286,0.0
J0749_2255_hst_skycell-p1791x05y15_wfc3_uvis_f475w_all_drc_hdu1,J0749+2255,independent_pair,4,15345.286,0.0
J0749_2255_hst_skycell-p1791x05y15_wfc3_uvis_f475w_all_drc_hdu1,J0749+2255,independent_pair,5,30804.956,15459.67
J0749_2255_hst_skycell-p1791x05y15_wfc3_uvis_f475w_all_drc_hdu1,J0749+2255,independent_pair,6,30355.886,15010.6
J0749_2255_hst_skycell-p1791x05y15_wfc3_uvis_f475w_all_drc_hdu1,J0749+2255,independent_pair,7,30805.165,15459.879
J0749_2255_hst_skycell-p1791x05y15_wfc3_uvis_f475w_all_drc_hdu1,J0749+2255,independent_pair,8,30804.711,15459.425
J0749_2255_hst_skycell-p1791x05y15_wfc3_uvis_f475w_all_drc_hdu1,J0749+2255,independent_pair,9,30355.86,15010.574
J0749_2255_hst_skycell-p1791x05y15_wfc3_uvis_f475w_all_drc_hdu1,J0749+2255,independent_pair,10,30805.027,15459.741
J0749_2255_hst_skycell-p1791x05y15_wfc3_uvis_f475w_all_drc_hdu1,J0749+2255,independent_pair,11,30355.885,15010.599
J0749_2255_hst_skycell-p1791x05y15_wfc3_uvis_f475w_all_drc_hdu1,J0749+2255,independent_pair,12,30355.783,15010.497
J0749_2255_hst_skycell-p1791x05y15_wfc3_uvis_f475w_all_drc_hdu1,J0749+2255,independent_pair,13,30805.105,15459.819
J0749_2255_hst_skycell-p1791x05y15_wfc3_uvis_f475w_all_drc_hdu1,J0749+2255,independent_pair,14,30355.8,15010.514
J0749_2255_ie3b28010_drc_hdu1,J0749+2255,single,1,32840.71,0.001
J0749_2255_ie3b28010_drc_hdu1,J0749+2255,single,2,32840.709,0.0
J0749_2255_ie3b28010_drc_hdu1,J0749+2255,equal_pair,1,54864.344,23680.536
J0749_2255_ie3b28010_drc_hdu1,J0749+2255,equal_pair,2,31334.511,150.703
J0749_2255_ie3b28010_drc_hdu1,J0749+2255,equal_pair,3,31183.834,0.026
J0749_2255_ie3b28010_drc_hdu1,J0749+2255,equal_pair,4,31183.995,0.187
J0749_2255_ie3b28010_drc_hdu1,J0749+2255,equal_pair,5,31184.09,0.282
J0749_2255_ie3b28010_drc_hdu1,J0749+2255,equal_pair,6,31183.945,0.137
J0749_2255_ie3b28010_drc_hdu1,J0749+2255,equal_pair,7,31184.033,0.225
J0749_2255_ie3b28010_drc_hdu1,J0749+2255,equal_pair,8,31183.912,0.104
J0749_2255_ie3b28010_drc_hdu1,J0749+2255,equal_pair,9,31183.927,0.119
J0749_2255_ie3b28010_drc_hdu1,J0749+2255,equal_pair,10,31183.939,0.131
J0749_2255_ie3b28010_drc_hdu1,J0749+2255,equal_pair,11,31183.875,0.067
J0749_2255_ie3b28010_drc_hdu1,J0749+2255,equal_pair,12,31183.808,0.0
J0749_2255_ie3b28010_drc_hdu1,J0749+2255,equal_pair,13,31183.85,0.042
J0749_2255_ie3b28010_drc_hdu1,J0749+2255,equal_pair,14,31183.881,0.073
J0749_2255_ie3b28010_drc_hdu1,J0749+2255,independent_pair,1,30320.681,15200.077
J0749_2255_ie3b28010_drc_hdu1,J0749+2255,independent_pair,2,15120.608,0.004
J0749_2255_ie3b28010_drc_hdu1,J0749+2255,independent_pair,3,15120.604,0.0
J0749_2255_ie3b28010_drc_hdu1,J0749+2255,independent_pair,4,15120.605,0.001
J0749_2255_ie3b28010_drc_hdu1,J0749+2255,independent_pair,5,30320.619,15200.015
J0749_2255_ie3b28010_drc_hdu1,J0749+2255,independent_pair,6,30320.716,15200.112
J0749_2255_ie3b28010_drc_hdu1,J0749+2255,independent_pair,7,30770.359,15649.755
J0749_2255_ie3b28010_drc_hdu1,J0749+2255,independent_pair,8,30320.726,15200.122
J0749_2255_ie3b28010_drc_hdu1,J0749+2255,independent_pair,9,30770.27,15649.666
J0749_2255_ie3b28010_drc_hdu1,J0749+2255,independent_pair,10,30770.079,15649.475
J0749_2255_ie3b28010_drc_hdu1,J0749+2255,independent_pair,11,30770.38,15649.776
J0749_2255_ie3b28010_drc_hdu1,J0749+2255,independent_pair,12,30770.214,15649.61
J0749_2255_ie3b28010_drc_hdu1,J0749+2255,independent_pair,13,30320.608,15200.004
J0749_2255_ie3b28010_drc_hdu1,J0749+2255,independent_pair,14,30320.604,15200.0
J0907_0003_J0907_0003_i_240px_hdu0,J0907+0003,single,1,4782.586,0.0
J0907_0003_J0907_0003_i_240px_hdu0,J0907+0003,single,2,4782.607,0.021
J0907_0003_J0907_0003_i_240px_hdu0,J0907+0003,equal_pair,1,808.932,0.0
J0907_0003_J0907_0003_i_240px_hdu0,J0907+0003,equal_pair,2,808.932,0.0
J0907_0003_J0907_0003_i_240px_hdu0,J0907+0003,equal_pair,3,808.932,0.0
J0907_0003_J0907_0003_i_240px_hdu0,J0907+0003,equal_pair,4,808.932,0.0
J0907_0003_J0907_0003_i_240px_hdu0,J0907+0003,equal_pair,5,808.933,0.001
J0907_0003_J0907_0003_i_240px_hdu0,J0907+0003,equal_pair,6,808.932,0.0
J0907_0003_J0907_0003_i_240px_hdu0,J0907+0003,equal_pair,7,808.932,0.0
J0907_0003_J0907_0003_i_240px_hdu0,J0907+0003,equal_pair,8,808.933,0.001
J0907_0003_J0907_0003_i_240px_hdu0,J0907+0003,equal_pair,9,808.933,0.001
J0907_0003_J0907_0003_i_240px_hdu0,J0907+0003,equal_pair,10,808.932,0.0
J0907_0003_J0907_0003_i_240px_hdu0,J0907+0003,equal_pair,11,808.932,0.0
J0907_0003_J0907_0003_i_240px_hdu0,J0907+0003,equal_pair,12,808.933,0.001
J0907_0003_J0907_0003_i_240px_hdu0,J0907+0003,equal_pair,13,808.933,0.001
J0907_0003_J0907_0003_i_240px_hdu0,J0907+0003,equal_pair,14,808.932,0.0
J0907_0003_J0907_0003_i_240px_hdu0,J0907+0003,independent_pair,1,799.162,0.0
J0907_0003_J0907_0003_i_240px_hdu0,J0907+0003,independent_pair,2,799.162,0.0
J0907_0003_J0907_0003_i_240px_hdu0,J0907+0003,independent_pair,3,799.162,0.0
J0907_0003_J0907_0003_i_240px_hdu0,J0907+0003,independent_pair,4,799.162,0.0
J0907_0003_J0907_0003_i_240px_hdu0,J0907+0003,independent_pair,5,799.162,0.0
J0907_0003_J0907_0003_i_240px_hdu0,J0907+0003,independent_pair,6,799.162,0.0
J0907_0003_J0907_0003_i_240px_hdu0,J0907+0003,independent_pair,7,799.162,0.0
J0907_0003_J0907_0003_i_240px_hdu0,J0907+0003,independent_pair,8,799.162,0.0
J0907_0003_J0907_0003_i_240px_hdu0,J0907+0003,independent_pair,9,799.162,0.0
J0907_0003_J0907_0003_i_240px_hdu0,J0907+0003,independent_pair,10,799.162,0.0
J0907_0003_J0907_0003_i_240px_hdu0,J0907+0003,independent_pair,11,799.162,0.0
J0907_0003_J0907_0003_i_240px_hdu0,J0907+0003,independent_pair,12,799.162,0.0
J0907_0003_J0907_0003_i_240px_hdu0,J0907+0003,independent_pair,13,799.162,0.0
J0907_0003_J0907_0003_i_240px_hdu0,J0907+0003,independent_pair,14,799.162,0.0
J0907_0003_J0907_0003_r_240px_hdu0,J0907+0003,single,1,2983.776,0.026
J0907_0003_J0907_0003_r_240px_hdu0,J0907+0003,single,2,2983.75,0.0
J0907_0003_J0907_0003_r_240px_hdu0,J0907+0003,equal_pair,1,620.716,0.0
J0907_0003_J0907_0003_r_240px_hdu0,J0907+0003,equal_pair,2,620.716,0.0
J0907_0003_J0907_0003_r_240px_hdu0,J0907+0003,equal_pair,3,620.716,0.0
J0907_0003_J0907_0003_r_240px_hdu0,J0907+0003,equal_pair,4,620.716,0.0
J0907_0003_J0907_0003_r_240px_hdu0,J0907+0003,equal_pair,5,620.716,0.0
J0907_0003_J0907_0003_r_240px_hdu0,J0907+0003,equal_pair,6,620.716,0.0
J0907_0003_J0907_0003_r_240px_hdu0,J0907+0003,equal_pair,7,620.716,0.0
J0907_0003_J0907_0003_r_240px_hdu0,J0907+0003,equal_pair,8,620.716,0.0
J0907_0003_J0907_0003_r_240px_hdu0,J0907+0003,equal_pair,9,620.716,0.0
J0907_0003_J0907_0003_r_240px_hdu0,J0907+0003,equal_pair,10,620.716,0.0
J0907_0003_J0907_0003_r_240px_hdu0,J0907+0003,equal_pair,11,620.716,0.0
J0907_0003_J0907_0003_r_240px_hdu0,J0907+0003,equal_pair,12,620.716,0.0
J0907_0003_J0907_0003_r_240px_hdu0,J0907+0003,equal_pair,13,620.716,0.0
J0907_0003_J0907_0003_r_240px_hdu0,J0907+0003,equal_pair,14,620.716,0.0
J0907_0003_J0907_0003_r_240px_hdu0,J0907+0003,independent_pair,1,618.502,0.0
J0907_0003_J0907_0003_r_240px_hdu0,J0907+0003,independent_pair,2,618.502,0.0
J0907_0003_J0907_0003_r_240px_hdu0,J0907+0003,independent_pair,3,618.502,0.0
J0907_0003_J0907_0003_r_240px_hdu0,J0907+0003,independent_pair,4,618.502,0.0
J0907_0003_J0907_0003_r_240px_hdu0,J0907+0003,independent_pair,5,618.502,0.0
J0907_0003_J0907_0003_r_240px_hdu0,J0907+0003,independent_pair,6,618.502,0.0
J0907_0003_J0907_0003_r_240px_hdu0,J0907+0003,independent_pair,7,618.502,0.0
J0907_0003_J0907_0003_r_240px_hdu0,J0907+0003,independent_pair,8,618.502,0.0
J0907_0003_J0907_0003_r_240px_hdu0,J0907+0003,independent_pair,9,618.502,0.0
J0907_0003_J0907_0003_r_240px_hdu0,J0907+0003,independent_pair,10,618.502,0.0
J0907_0003_J0907_0003_r_240px_hdu0,J0907+0003,independent_pair,11,618.502,0.0
J0907_0003_J0907_0003_r_240px_hdu0,J0907+0003,independent_pair,12,618.502,0.0
J0907_0003_J0907_0003_r_240px_hdu0,J0907+0003,independent_pair,13,618.502,0.0
J0907_0003_J0907_0003_r_240px_hdu0,J0907+0003,independent_pair,14,618.502,0.0
J0907_6224_J0907_6224_i_240px_hdu0,J0907+6224,single,1,44332.821,0.0
J0907_6224_J0907_6224_i_240px_hdu0,J0907+6224,single,2,44332.822,0.001
J0907_6224_J0907_6224_i_240px_hdu0,J0907+6224,equal_pair,1,6350.684,0.027
J0907_6224_J0907_6224_i_240px_hdu0,J0907+6224,equal_pair,2,6350.683,0.026
J0907_6224_J0907_6224_i_240px_hdu0,J0907+6224,equal_pair,3,6350.676,0.019
J0907_6224_J0907_6224_i_240px_hdu0,J0907+6224,equal_pair,4,6350.663,0.006
J0907_6224_J0907_6224_i_240px_hdu0,J0907+6224,equal_pair,5,6350.657,0.0
J0907_6224_J0907_6224_i_240px_hdu0,J0907+6224,equal_pair,6,6350.658,0.001
J0907_6224_J0907_6224_i_240px_hdu0,J0907+6224,equal_pair,7,6350.66,0.003
J0907_6224_J0907_6224_i_240px_hdu0,J0907+6224,equal_pair,8,44235.305,37884.648
J0907_6224_J0907_6224_i_240px_hdu0,J0907+6224,equal_pair,9,6350.823,0.166
J0907_6224_J0907_6224_i_240px_hdu0,J0907+6224,equal_pair,10,6350.672,0.015
J0907_6224_J0907_6224_i_240px_hdu0,J0907+6224,equal_pair,11,6350.661,0.004
J0907_6224_J0907_6224_i_240px_hdu0,J0907+6224,equal_pair,12,6350.669,0.012
J0907_6224_J0907_6224_i_240px_hdu0,J0907+6224,equal_pair,13,6350.657,0.0
J0907_6224_J0907_6224_i_240px_hdu0,J0907+6224,equal_pair,14,6350.665,0.008
J0907_6224_J0907_6224_i_240px_hdu0,J0907+6224,independent_pair,1,6139.816,0.0
J0907_6224_J0907_6224_i_240px_hdu0,J0907+6224,independent_pair,2,6139.823,0.007
J0907_6224_J0907_6224_i_240px_hdu0,J0907+6224,independent_pair,3,6139.828,0.012
J0907_6224_J0907_6224_i_240px_hdu0,J0907+6224,independent_pair,4,6139.832,0.016
J0907_6224_J0907_6224_i_240px_hdu0,J0907+6224,independent_pair,5,6139.842,0.026
J0907_6224_J0907_6224_i_240px_hdu0,J0907+6224,independent_pair,6,6139.823,0.007
J0907_6224_J0907_6224_i_240px_hdu0,J0907+6224,independent_pair,7,6139.825,0.009
J0907_6224_J0907_6224_i_240px_hdu0,J0907+6224,independent_pair,8,6139.835,0.019
J0907_6224_J0907_6224_i_240px_hdu0,J0907+6224,independent_pair,9,6139.816,0.0
J0907_6224_J0907_6224_i_240px_hdu0,J0907+6224,independent_pair,10,6139.818,0.002
J0907_6224_J0907_6224_i_240px_hdu0,J0907+6224,independent_pair,11,6139.84,0.024
J0907_6224_J0907_6224_i_240px_hdu0,J0907+6224,independent_pair,12,6139.834,0.018
J0907_6224_J0907_6224_i_240px_hdu0,J0907+6224,independent_pair,13,6139.823,0.007
J0907_6224_J0907_6224_i_240px_hdu0,J0907+6224,independent_pair,14,6139.816,0.0
J0907_6224_J0907_6224_r_240px_hdu0,J0907+6224,single,1,14637.74,0.0
J0907_6224_J0907_6224_r_240px_hdu0,J0907+6224,single,2,14637.74,0.0
J0907_6224_J0907_6224_r_240px_hdu0,J0907+6224,equal_pair,1,2274.726,0.002
J0907_6224_J0907_6224_r_240px_hdu0,J0907+6224,equal_pair,2,2274.724,0.0
J0907_6224_J0907_6224_r_240px_hdu0,J0907+6224,equal_pair,3,2274.724,0.0
J0907_6224_J0907_6224_r_240px_hdu0,J0907+6224,equal_pair,4,2274.732,0.008
J0907_6224_J0907_6224_r_240px_hdu0,J0907+6224,equal_pair,5,2274.725,0.001
J0907_6224_J0907_6224_r_240px_hdu0,J0907+6224,equal_pair,6,2274.725,0.001
J0907_6224_J0907_6224_r_240px_hdu0,J0907+6224,equal_pair,7,2274.727,0.003
J0907_6224_J0907_6224_r_240px_hdu0,J0907+6224,equal_pair,8,14617.107,12342.383
J0907_6224_J0907_6224_r_240px_hdu0,J0907+6224,equal_pair,9,2274.96,0.236
J0907_6224_J0907_6224_r_240px_hdu0,J0907+6224,equal_pair,10,2274.728,0.004
J0907_6224_J0907_6224_r_240px_hdu0,J0907+6224,equal_pair,11,2274.726,0.002
J0907_6224_J0907_6224_r_240px_hdu0,J0907+6224,equal_pair,12,2274.728,0.004
J0907_6224_J0907_6224_r_240px_hdu0,J0907+6224,equal_pair,13,2274.726,0.002
J0907_6224_J0907_6224_r_240px_hdu0,J0907+6224,equal_pair,14,2274.724,0.0
J0907_6224_J0907_6224_r_240px_hdu0,J0907+6224,independent_pair,1,1991.44,0.0
J0907_6224_J0907_6224_r_240px_hdu0,J0907+6224,independent_pair,2,1991.444,0.004
J0907_6224_J0907_6224_r_240px_hdu0,J0907+6224,independent_pair,3,1991.44,0.0
J0907_6224_J0907_6224_r_240px_hdu0,J0907+6224,independent_pair,4,1991.444,0.004
J0907_6224_J0907_6224_r_240px_hdu0,J0907+6224,independent_pair,5,14605.936,12614.496
J0907_6224_J0907_6224_r_240px_hdu0,J0907+6224,independent_pair,6,1991.441,0.001
J0907_6224_J0907_6224_r_240px_hdu0,J0907+6224,independent_pair,7,1991.44,0.0
J0907_6224_J0907_6224_r_240px_hdu0,J0907+6224,independent_pair,8,14537.646,12546.206
J0907_6224_J0907_6224_r_240px_hdu0,J0907+6224,independent_pair,9,1991.44,0.0
J0907_6224_J0907_6224_r_240px_hdu0,J0907+6224,independent_pair,10,1991.442,0.002
J0907_6224_J0907_6224_r_240px_hdu0,J0907+6224,independent_pair,11,1991.44,0.0
J0907_6224_J0907_6224_r_240px_hdu0,J0907+6224,independent_pair,12,1991.44,0.0
J0907_6224_J0907_6224_r_240px_hdu0,J0907+6224,independent_pair,13,14620.011,12628.571
J0907_6224_J0907_6224_r_240px_hdu0,J0907+6224,independent_pair,14,14543.509,12552.069
J0937_5835_J0937_5835_i_240px_hdu0,J0937+5835,single,1,3547.833,0.018
J0937_5835_J0937_5835_i_240px_hdu0,J0937+5835,single,2,3547.815,0.0
J0937_5835_J0937_5835_i_240px_hdu0,J0937+5835,equal_pair,1,872.378,0.0
J0937_5835_J0937_5835_i_240px_hdu0,J0937+5835,equal_pair,2,872.378,0.0
J0937_5835_J0937_5835_i_240px_hdu0,J0937+5835,equal_pair,3,872.379,0.001
J0937_5835_J0937_5835_i_240px_hdu0,J0937+5835,equal_pair,4,872.378,0.0
J0937_5835_J0937_5835_i_240px_hdu0,J0937+5835,equal_pair,5,872.379,0.001
J0937_5835_J0937_5835_i_240px_hdu0,J0937+5835,equal_pair,6,872.378,0.0
J0937_5835_J0937_5835_i_240px_hdu0,J0937+5835,equal_pair,7,872.378,0.0
J0937_5835_J0937_5835_i_240px_hdu0,J0937+5835,equal_pair,8,872.378,0.0
J0937_5835_J0937_5835_i_240px_hdu0,J0937+5835,equal_pair,9,872.378,0.0
J0937_5835_J0937_5835_i_240px_hdu0,J0937+5835,equal_pair,10,872.379,0.001
J0937_5835_J0937_5835_i_240px_hdu0,J0937+5835,equal_pair,11,872.379,0.001
J0937_5835_J0937_5835_i_240px_hdu0,J0937+5835,equal_pair,12,872.379,0.001
J0937_5835_J0937_5835_i_240px_hdu0,J0937+5835,equal_pair,13,872.378,0.0
J0937_5835_J0937_5835_i_240px_hdu0,J0937+5835,equal_pair,14,872.378,0.0
J0937_5835_J0937_5835_i_240px_hdu0,J0937+5835,independent_pair,1,843.653,0.0
J0937_5835_J0937_5835_i_240px_hdu0,J0937+5835,independent_pair,2,843.653,0.0
J0937_5835_J0937_5835_i_240px_hdu0,J0937+5835,independent_pair,3,843.653,0.0
J0937_5835_J0937_5835_i_240px_hdu0,J0937+5835,independent_pair,4,843.653,0.0
J0937_5835_J0937_5835_i_240px_hdu0,J0937+5835,independent_pair,5,843.653,0.0
J0937_5835_J0937_5835_i_240px_hdu0,J0937+5835,independent_pair,6,843.653,0.0
J0937_5835_J0937_5835_i_240px_hdu0,J0937+5835,independent_pair,7,843.653,0.0
J0937_5835_J0937_5835_i_240px_hdu0,J0937+5835,independent_pair,8,843.653,0.0
J0937_5835_J0937_5835_i_240px_hdu0,J0937+5835,independent_pair,9,843.654,0.001
J0937_5835_J0937_5835_i_240px_hdu0,J0937+5835,independent_pair,10,843.653,0.0
J0937_5835_J0937_5835_i_240px_hdu0,J0937+5835,independent_pair,11,843.653,0.0
J0937_5835_J0937_5835_i_240px_hdu0,J0937+5835,independent_pair,12,843.653,0.0
J0937_5835_J0937_5835_i_240px_hdu0,J0937+5835,independent_pair,13,843.654,0.001
J0937_5835_J0937_5835_i_240px_hdu0,J0937+5835,independent_pair,14,843.653,0.0
J0937_5835_J0937_5835_r_240px_hdu0,J0937+5835,single,1,1865.996,0.015
J0937_5835_J0937_5835_r_240px_hdu0,J0937+5835,single,2,1865.981,0.0
J0937_5835_J0937_5835_r_240px_hdu0,J0937+5835,equal_pair,1,670.444,0.002
J0937_5835_J0937_5835_r_240px_hdu0,J0937+5835,equal_pair,2,670.442,0.0
J0937_5835_J0937_5835_r_240px_hdu0,J0937+5835,equal_pair,3,670.442,0.0
J0937_5835_J0937_5835_r_240px_hdu0,J0937+5835,equal_pair,4,670.443,0.001
J0937_5835_J0937_5835_r_240px_hdu0,J0937+5835,equal_pair,5,670.442,0.0
J0937_5835_J0937_5835_r_240px_hdu0,J0937+5835,equal_pair,6,670.443,0.001
J0937_5835_J0937_5835_r_240px_hdu0,J0937+5835,equal_pair,7,670.443,0.001
J0937_5835_J0937_5835_r_240px_hdu0,J0937+5835,equal_pair,8,670.443,0.001
J0937_5835_J0937_5835_r_240px_hdu0,J0937+5835,equal_pair,9,670.443,0.001
J0937_5835_J0937_5835_r_240px_hdu0,J0937+5835,equal_pair,10,670.442,0.0
J0937_5835_J0937_5835_r_240px_hdu0,J0937+5835,equal_pair,11,670.443,0.001
J0937_5835_J0937_5835_r_240px_hdu0,J0937+5835,equal_pair,12,670.443,0.001
J0937_5835_J0937_5835_r_240px_hdu0,J0937+5835,equal_pair,13,670.444,0.002
J0937_5835_J0937_5835_r_240px_hdu0,J0937+5835,equal_pair,14,670.442,0.0
J0937_5835_J0937_5835_r_240px_hdu0,J0937+5835,independent_pair,1,590.143,0.0
J0937_5835_J0937_5835_r_240px_hdu0,J0937+5835,independent_pair,2,590.143,0.0
J0937_5835_J0937_5835_r_240px_hdu0,J0937+5835,independent_pair,3,590.143,0.0
J0937_5835_J0937_5835_r_240px_hdu0,J0937+5835,independent_pair,4,590.143,0.0
J0937_5835_J0937_5835_r_240px_hdu0,J0937+5835,independent_pair,5,590.143,0.0
J0937_5835_J0937_5835_r_240px_hdu0,J0937+5835,independent_pair,6,590.143,0.0
J0937_5835_J0937_5835_r_240px_hdu0,J0937+5835,independent_pair,7,590.143,0.0
J0937_5835_J0937_5835_r_240px_hdu0,J0937+5835,independent_pair,8,590.143,0.0
J0937_5835_J0937_5835_r_240px_hdu0,J0937+5835,independent_pair,9,590.143,0.0
J0937_5835_J0937_5835_r_240px_hdu0,J0937+5835,independent_pair,10,590.143,0.0
J0937_5835_J0937_5835_r_240px_hdu0,J0937+5835,independent_pair,11,590.143,0.0
J0937_5835_J0937_5835_r_240px_hdu0,J0937+5835,independent_pair,12,590.143,0.0
J0937_5835_J0937_5835_r_240px_hdu0,J0937+5835,independent_pair,13,590.144,0.001
J0937_5835_J0937_5835_r_240px_hdu0,J0937+5835,independent_pair,14,590.143,0.0
J1515_3137_J1515_3137_i_240px_hdu0,J1515+3137,single,1,8235.692,0.04
J1515_3137_J1515_3137_i_240px_hdu0,J1515+3137,single,2,8235.652,0.0
J1515_3137_J1515_3137_i_240px_hdu0,J1515+3137,equal_pair,1,9939.374,8582.468
J1515_3137_J1515_3137_i_240px_hdu0,J1515+3137,equal_pair,2,1356.906,0.0
J1515_3137_J1515_3137_i_240px_hdu0,J1515+3137,equal_pair,3,1356.906,0.0
J1515_3137_J1515_3137_i_240px_hdu0,J1515+3137,equal_pair,4,1356.908,0.002
J1515_3137_J1515_3137_i_240px_hdu0,J1515+3137,equal_pair,5,1356.906,0.0
J1515_3137_J1515_3137_i_240px_hdu0,J1515+3137,equal_pair,6,1356.907,0.001
J1515_3137_J1515_3137_i_240px_hdu0,J1515+3137,equal_pair,7,1356.906,0.0
J1515_3137_J1515_3137_i_240px_hdu0,J1515+3137,equal_pair,8,1356.908,0.002
J1515_3137_J1515_3137_i_240px_hdu0,J1515+3137,equal_pair,9,1356.908,0.002
J1515_3137_J1515_3137_i_240px_hdu0,J1515+3137,equal_pair,10,1356.908,0.002
J1515_3137_J1515_3137_i_240px_hdu0,J1515+3137,equal_pair,11,1356.906,0.0
J1515_3137_J1515_3137_i_240px_hdu0,J1515+3137,equal_pair,12,1356.906,0.0
J1515_3137_J1515_3137_i_240px_hdu0,J1515+3137,equal_pair,13,1356.906,0.0
J1515_3137_J1515_3137_i_240px_hdu0,J1515+3137,equal_pair,14,1356.908,0.002
J1515_3137_J1515_3137_i_240px_hdu0,J1515+3137,independent_pair,1,1061.928,0.0
J1515_3137_J1515_3137_i_240px_hdu0,J1515+3137,independent_pair,2,8235.563,7173.635
J1515_3137_J1515_3137_i_240px_hdu0,J1515+3137,independent_pair,3,8235.653,7173.725
J1515_3137_J1515_3137_i_240px_hdu0,J1515+3137,independent_pair,4,8235.544,7173.616
J1515_3137_J1515_3137_i_240px_hdu0,J1515+3137,independent_pair,5,1061.928,0.0
J1515_3137_J1515_3137_i_240px_hdu0,J1515+3137,independent_pair,6,1061.928,0.0
J1515_3137_J1515_3137_i_240px_hdu0,J1515+3137,independent_pair,7,1061.928,0.0
J1515_3137_J1515_3137_i_240px_hdu0,J1515+3137,independent_pair,8,1061.928,0.0
J1515_3137_J1515_3137_i_240px_hdu0,J1515+3137,independent_pair,9,1061.928,0.0
J1515_3137_J1515_3137_i_240px_hdu0,J1515+3137,independent_pair,10,1061.928,0.0
J1515_3137_J1515_3137_i_240px_hdu0,J1515+3137,independent_pair,11,1061.928,0.0
J1515_3137_J1515_3137_i_240px_hdu0,J1515+3137,independent_pair,12,1061.928,0.0
J1515_3137_J1515_3137_i_240px_hdu0,J1515+3137,independent_pair,13,1061.928,0.0
J1515_3137_J1515_3137_i_240px_hdu0,J1515+3137,independent_pair,14,1061.928,0.0
J1515_3137_J1515_3137_r_240px_hdu0,J1515+3137,single,1,3409.203,0.064
J1515_3137_J1515_3137_r_240px_hdu0,J1515+3137,single,2,3409.139,0.0
J1515_3137_J1515_3137_r_240px_hdu0,J1515+3137,equal_pair,1,1132.796,0.002
J1515_3137_J1515_3137_r_240px_hdu0,J1515+3137,equal_pair,2,1132.797,0.003
J1515_3137_J1515_3137_r_240px_hdu0,J1515+3137,equal_pair,3,1132.795,0.001
J1515_3137_J1515_3137_r_240px_hdu0,J1515+3137,equal_pair,4,1132.794,0.0
J1515_3137_J1515_3137_r_240px_hdu0,J1515+3137,equal_pair,5,1132.796,0.002
J1515_3137_J1515_3137_r_240px_hdu0,J1515+3137,equal_pair,6,1132.794,0.0
J1515_3137_J1515_3137_r_240px_hdu0,J1515+3137,equal_pair,7,1132.794,0.0
J1515_3137_J1515_3137_r_240px_hdu0,J1515+3137,equal_pair,8,1132.795,0.001
J1515_3137_J1515_3137_r_240px_hdu0,J1515+3137,equal_pair,9,1132.796,0.002
J1515_3137_J1515_3137_r_240px_hdu0,J1515+3137,equal_pair,10,1132.794,0.0
J1515_3137_J1515_3137_r_240px_hdu0,J1515+3137,equal_pair,11,1132.794,0.0
J1515_3137_J1515_3137_r_240px_hdu0,J1515+3137,equal_pair,12,1132.794,0.0
J1515_3137_J1515_3137_r_240px_hdu0,J1515+3137,equal_pair,13,1132.796,0.002
J1515_3137_J1515_3137_r_240px_hdu0,J1515+3137,equal_pair,14,1132.795,0.001
J1515_3137_J1515_3137_r_240px_hdu0,J1515+3137,independent_pair,1,973.194,0.0
J1515_3137_J1515_3137_r_240px_hdu0,J1515+3137,independent_pair,2,973.196,0.002
J1515_3137_J1515_3137_r_240px_hdu0,J1515+3137,independent_pair,3,973.195,0.001
J1515_3137_J1515_3137_r_240px_hdu0,J1515+3137,independent_pair,4,973.194,0.0
J1515_3137_J1515_3137_r_240px_hdu0,J1515+3137,independent_pair,5,973.195,0.001
J1515_3137_J1515_3137_r_240px_hdu0,J1515+3137,independent_pair,6,973.196,0.002
J1515_3137_J1515_3137_r_240px_hdu0,J1515+3137,independent_pair,7,973.194,0.0
J1515_3137_J1515_3137_r_240px_hdu0,J1515+3137,independent_pair,8,973.195,0.001
J1515_3137_J1515_3137_r_240px_hdu0,J1515+3137,independent_pair,9,973.195,0.001
J1515_3137_J1515_3137_r_240px_hdu0,J1515+3137,independent_pair,10,973.194,0.0
J1515_3137_J1515_3137_r_240px_hdu0,J1515+3137,independent_pair,11,973.194,0.0
J1515_3137_J1515_3137_r_240px_hdu0,J1515+3137,independent_pair,12,973.196,0.002
J1515_3137_J1515_3137_r_240px_hdu0,J1515+3137,independent_pair,13,973.194,0.0
J1515_3137_J1515_3137_r_240px_hdu0,J1515+3137,independent_pair,14,973.194,0.0
J1518_4658_J1518_4658_i_240px_hdu0,J1518+4658,single,1,10064.209,0.227
J1518_4658_J1518_4658_i_240px_hdu0,J1518+4658,single,2,10063.982,0.0
J1518_4658_J1518_4658_i_240px_hdu0,J1518+4658,equal_pair,1,3404.18,0.017
J1518_4658_J1518_4658_i_240px_hdu0,J1518+4658,equal_pair,2,3404.188,0.025
J1518_4658_J1518_4658_i_240px_hdu0,J1518+4658,equal_pair,3,3404.191,0.028
J1518_4658_J1518_4658_i_240px_hdu0,J1518+4658,equal_pair,4,3404.166,0.003
J1518_4658_J1518_4658_i_240px_hdu0,J1518+4658,equal_pair,5,3404.19,0.027
J1518_4658_J1518_4658_i_240px_hdu0,J1518+4658,equal_pair,6,3404.18,0.017
J1518_4658_J1518_4658_i_240px_hdu0,J1518+4658,equal_pair,7,3404.173,0.01
J1518_4658_J1518_4658_i_240px_hdu0,J1518+4658,equal_pair,8,3404.165,0.002
J1518_4658_J1518_4658_i_240px_hdu0,J1518+4658,equal_pair,9,3404.191,0.028
J1518_4658_J1518_4658_i_240px_hdu0,J1518+4658,equal_pair,10,3404.163,0.0
J1518_4658_J1518_4658_i_240px_hdu0,J1518+4658,equal_pair,11,3404.164,0.001
J1518_4658_J1518_4658_i_240px_hdu0,J1518+4658,equal_pair,12,3404.19,0.027
J1518_4658_J1518_4658_i_240px_hdu0,J1518+4658,equal_pair,13,3404.171,0.008
J1518_4658_J1518_4658_i_240px_hdu0,J1518+4658,equal_pair,14,3404.185,0.022
J1518_4658_J1518_4658_i_240px_hdu0,J1518+4658,independent_pair,1,2477.893,0.004
J1518_4658_J1518_4658_i_240px_hdu0,J1518+4658,independent_pair,2,2477.893,0.004
J1518_4658_J1518_4658_i_240px_hdu0,J1518+4658,independent_pair,3,2477.893,0.004
J1518_4658_J1518_4658_i_240px_hdu0,J1518+4658,independent_pair,4,2477.894,0.005
J1518_4658_J1518_4658_i_240px_hdu0,J1518+4658,independent_pair,5,2477.893,0.004
J1518_4658_J1518_4658_i_240px_hdu0,J1518+4658,independent_pair,6,2477.899,0.01
J1518_4658_J1518_4658_i_240px_hdu0,J1518+4658,independent_pair,7,2477.889,0.0
J1518_4658_J1518_4658_i_240px_hdu0,J1518+4658,independent_pair,8,2477.898,0.009
J1518_4658_J1518_4658_i_240px_hdu0,J1518+4658,independent_pair,9,2477.891,0.002
J1518_4658_J1518_4658_i_240px_hdu0,J1518+4658,independent_pair,10,2477.89,0.001
J1518_4658_J1518_4658_i_240px_hdu0,J1518+4658,independent_pair,11,2477.896,0.007
J1518_4658_J1518_4658_i_240px_hdu0,J1518+4658,independent_pair,12,2477.89,0.001
J1518_4658_J1518_4658_i_240px_hdu0,J1518+4658,independent_pair,13,2477.893,0.004
J1518_4658_J1518_4658_i_240px_hdu0,J1518+4658,independent_pair,14,2477.893,0.004
J1518_4658_J1518_4658_r_240px_hdu0,J1518+4658,single,1,5529.475,0.024
J1518_4658_J1518_4658_r_240px_hdu0,J1518+4658,single,2,5529.451,0.0
J1518_4658_J1518_4658_r_240px_hdu0,J1518+4658,equal_pair,1,2235.374,0.007
J1518_4658_J1518_4658_r_240px_hdu0,J1518+4658,equal_pair,2,2235.383,0.016
J1518_4658_J1518_4658_r_240px_hdu0,J1518+4658,equal_pair,3,2235.369,0.002
J1518_4658_J1518_4658_r_240px_hdu0,J1518+4658,equal_pair,4,2235.367,0.0
J1518_4658_J1518_4658_r_240px_hdu0,J1518+4658,equal_pair,5,2235.377,0.01
J1518_4658_J1518_4658_r_240px_hdu0,J1518+4658,equal_pair,6,2235.368,0.001
J1518_4658_J1518_4658_r_240px_hdu0,J1518+4658,equal_pair,7,2235.382,0.015
J1518_4658_J1518_4658_r_240px_hdu0,J1518+4658,equal_pair,8,2235.387,0.02
J1518_4658_J1518_4658_r_240px_hdu0,J1518+4658,equal_pair,9,2235.368,0.001
J1518_4658_J1518_4658_r_240px_hdu0,J1518+4658,equal_pair,10,2235.372,0.005
J1518_4658_J1518_4658_r_240px_hdu0,J1518+4658,equal_pair,11,2235.377,0.01
J1518_4658_J1518_4658_r_240px_hdu0,J1518+4658,equal_pair,12,2235.367,0.0
J1518_4658_J1518_4658_r_240px_hdu0,J1518+4658,equal_pair,13,2235.368,0.001
J1518_4658_J1518_4658_r_240px_hdu0,J1518+4658,equal_pair,14,2235.369,0.002
J1518_4658_J1518_4658_r_240px_hdu0,J1518+4658,independent_pair,1,1205.63,0.0
J1518_4658_J1518_4658_r_240px_hdu0,J1518+4658,independent_pair,2,1205.63,0.0
J1518_4658_J1518_4658_r_240px_hdu0,J1518+4658,independent_pair,3,1205.63,0.0
J1518_4658_J1518_4658_r_240px_hdu0,J1518+4658,independent_pair,4,1205.633,0.003
J1518_4658_J1518_4658_r_240px_hdu0,J1518+4658,independent_pair,5,1205.632,0.002
J1518_4658_J1518_4658_r_240px_hdu0,J1518+4658,independent_pair,6,1205.631,0.001
J1518_4658_J1518_4658_r_240px_hdu0,J1518+4658,independent_pair,7,1205.633,0.003
J1518_4658_J1518_4658_r_240px_hdu0,J1518+4658,independent_pair,8,1205.631,0.001
J1518_4658_J1518_4658_r_240px_hdu0,J1518+4658,independent_pair,9,1205.63,0.0
J1518_4658_J1518_4658_r_240px_hdu0,J1518+4658,independent_pair,10,1205.63,0.0
J1518_4658_J1518_4658_r_240px_hdu0,J1518+4658,independent_pair,11,1205.634,0.004
J1518_4658_J1518_4658_r_240px_hdu0,J1518+4658,independent_pair,12,1205.634,0.004
J1518_4658_J1518_4658_r_240px_hdu0,J1518+4658,independent_pair,13,1205.63,0.0
J1518_4658_J1518_4658_r_240px_hdu0,J1518+4658,independent_pair,14,1205.631,0.001
J1524_4801_J1524_4801_i_240px_hdu0,J1524+4801,single,1,10855.63,0.0
J1524_4801_J1524_4801_i_240px_hdu0,J1524+4801,single,2,10855.648,0.018
J1524_4801_J1524_4801_i_240px_hdu0,J1524+4801,equal_pair,1,5068.434,0.04
J1524_4801_J1524_4801_i_240px_hdu0,J1524+4801,equal_pair,2,5068.423,0.029
J1524_4801_J1524_4801_i_240px_hdu0,J1524+4801,equal_pair,3,5068.398,0.004
J1524_4801_J1524_4801_i_240px_hdu0,J1524+4801,equal_pair,4,5068.397,0.003
J1524_4801_J1524_4801_i_240px_hdu0,J1524+4801,equal_pair,5,5068.434,0.04
J1524_4801_J1524_4801_i_240px_hdu0,J1524+4801,equal_pair,6,5068.431,0.037
J1524_4801_J1524_4801_i_240px_hdu0,J1524+4801,equal_pair,7,5068.394,0.0
J1524_4801_J1524_4801_i_240px_hdu0,J1524+4801,equal_pair,8,7611.667,2543.273
J1524_4801_J1524_4801_i_240px_hdu0,J1524+4801,equal_pair,9,5068.407,0.013
J1524_4801_J1524_4801_i_240px_hdu0,J1524+4801,equal_pair,10,5068.412,0.018
J1524_4801_J1524_4801_i_240px_hdu0,J1524+4801,equal_pair,11,5068.43,0.036
J1524_4801_J1524_4801_i_240px_hdu0,J1524+4801,equal_pair,12,5068.396,0.002
J1524_4801_J1524_4801_i_240px_hdu0,J1524+4801,equal_pair,13,5068.396,0.002
J1524_4801_J1524_4801_i_240px_hdu0,J1524+4801,equal_pair,14,5068.439,0.045
J1524_4801_J1524_4801_i_240px_hdu0,J1524+4801,independent_pair,1,3677.54,0.017
J1524_4801_J1524_4801_i_240px_hdu0,J1524+4801,independent_pair,2,3677.53,0.007
J1524_4801_J1524_4801_i_240px_hdu0,J1524+4801,independent_pair,3,3677.527,0.004
J1524_4801_J1524_4801_i_240px_hdu0,J1524+4801,independent_pair,4,3677.526,0.003
J1524_4801_J1524_4801_i_240px_hdu0,J1524+4801,independent_pair,5,3677.526,0.003
J1524_4801_J1524_4801_i_240px_hdu0,J1524+4801,independent_pair,6,3677.541,0.018
J1524_4801_J1524_4801_i_240px_hdu0,J1524+4801,independent_pair,7,3677.523,0.0
J1524_4801_J1524_4801_i_240px_hdu0,J1524+4801,independent_pair,8,3677.525,0.002
J1524_4801_J1524_4801_i_240px_hdu0,J1524+4801,independent_pair,9,3677.523,0.0
J1524_4801_J1524_4801_i_240px_hdu0,J1524+4801,independent_pair,10,3677.526,0.003
J1524_4801_J1524_4801_i_240px_hdu0,J1524+4801,independent_pair,11,3677.54,0.017
J1524_4801_J1524_4801_i_240px_hdu0,J1524+4801,independent_pair,12,3677.531,0.008
J1524_4801_J1524_4801_i_240px_hdu0,J1524+4801,independent_pair,13,3677.524,0.001
J1524_4801_J1524_4801_i_240px_hdu0,J1524+4801,independent_pair,14,3677.537,0.014
J1524_4801_J1524_4801_r_240px_hdu0,J1524+4801,single,1,3834.2,0.0
J1524_4801_J1524_4801_r_240px_hdu0,J1524+4801,single,2,3834.202,0.002
J1524_4801_J1524_4801_r_240px_hdu0,J1524+4801,equal_pair,1,1791.566,0.003
J1524_4801_J1524_4801_r_240px_hdu0,J1524+4801,equal_pair,2,1791.576,0.013
J1524_4801_J1524_4801_r_240px_hdu0,J1524+4801,equal_pair,3,1791.585,0.022
J1524_4801_J1524_4801_r_240px_hdu0,J1524+4801,equal_pair,4,1791.57,0.007
J1524_4801_J1524_4801_r_240px_hdu0,J1524+4801,equal_pair,5,1791.564,0.001
J1524_4801_J1524_4801_r_240px_hdu0,J1524+4801,equal_pair,6,1791.582,0.019
J1524_4801_J1524_4801_r_240px_hdu0,J1524+4801,equal_pair,7,1791.565,0.002
J1524_4801_J1524_4801_r_240px_hdu0,J1524+4801,equal_pair,8,2482.05,690.487
J1524_4801_J1524_4801_r_240px_hdu0,J1524+4801,equal_pair,9,1791.573,0.01
J1524_4801_J1524_4801_r_240px_hdu0,J1524+4801,equal_pair,10,1791.563,0.0
J1524_4801_J1524_4801_r_240px_hdu0,J1524+4801,equal_pair,11,1791.565,0.002
J1524_4801_J1524_4801_r_240px_hdu0,J1524+4801,equal_pair,12,1791.565,0.002
J1524_4801_J1524_4801_r_240px_hdu0,J1524+4801,equal_pair,13,1791.57,0.007
J1524_4801_J1524_4801_r_240px_hdu0,J1524+4801,equal_pair,14,1791.564,0.001
J1524_4801_J1524_4801_r_240px_hdu0,J1524+4801,independent_pair,1,1319.999,0.003
J1524_4801_J1524_4801_r_240px_hdu0,J1524+4801,independent_pair,2,1319.997,0.001
J1524_4801_J1524_4801_r_240px_hdu0,J1524+4801,independent_pair,3,1319.997,0.001
J1524_4801_J1524_4801_r_240px_hdu0,J1524+4801,independent_pair,4,1319.996,0.0
J1524_4801_J1524_4801_r_240px_hdu0,J1524+4801,independent_pair,5,1320.001,0.005
J1524_4801_J1524_4801_r_240px_hdu0,J1524+4801,independent_pair,6,1319.997,0.001
J1524_4801_J1524_4801_r_240px_hdu0,J1524+4801,independent_pair,7,1320.001,0.005
J1524_4801_J1524_4801_r_240px_hdu0,J1524+4801,independent_pair,8,1319.998,0.002
J1524_4801_J1524_4801_r_240px_hdu0,J1524+4801,independent_pair,9,1319.996,0.0
J1524_4801_J1524_4801_r_240px_hdu0,J1524+4801,independent_pair,10,1319.996,0.0
J1524_4801_J1524_4801_r_240px_hdu0,J1524+4801,independent_pair,11,1319.998,0.002
J1524_4801_J1524_4801_r_240px_hdu0,J1524+4801,independent_pair,12,1319.997,0.001
J1524_4801_J1524_4801_r_240px_hdu0,J1524+4801,independent_pair,13,1320.0,0.004
J1524_4801_J1524_4801_r_240px_hdu0,J1524+4801,independent_pair,14,1319.997,0.001
J1540_4445_J1540_4445_i_240px_hdu0,J1540+4445,single,1,5245.302,0.0
J1540_4445_J1540_4445_i_240px_hdu0,J1540+4445,single,2,5245.302,0.0
J1540_4445_J1540_4445_i_240px_hdu0,J1540+4445,equal_pair,1,759.132,0.0
J1540_4445_J1540_4445_i_240px_hdu0,J1540+4445,equal_pair,2,5243.509,4484.377
J1540_4445_J1540_4445_i_240px_hdu0,J1540+4445,equal_pair,3,7283.231,6524.099
J1540_4445_J1540_4445_i_240px_hdu0,J1540+4445,equal_pair,4,5243.512,4484.38
J1540_4445_J1540_4445_i_240px_hdu0,J1540+4445,equal_pair,5,5243.508,4484.376
J1540_4445_J1540_4445_i_240px_hdu0,J1540+4445,equal_pair,6,7283.397,6524.265
J1540_4445_J1540_4445_i_240px_hdu0,J1540+4445,equal_pair,7,5243.508,4484.376
J1540_4445_J1540_4445_i_240px_hdu0,J1540+4445,equal_pair,8,5243.518,4484.386
J1540_4445_J1540_4445_i_240px_hdu0,J1540+4445,equal_pair,9,759.132,0.0
J1540_4445_J1540_4445_i_240px_hdu0,J1540+4445,equal_pair,10,5243.516,4484.384
J1540_4445_J1540_4445_i_240px_hdu0,J1540+4445,equal_pair,11,5243.508,4484.376
J1540_4445_J1540_4445_i_240px_hdu0,J1540+4445,equal_pair,12,7283.241,6524.109
J1540_4445_J1540_4445_i_240px_hdu0,J1540+4445,equal_pair,13,5243.508,4484.376
J1540_4445_J1540_4445_i_240px_hdu0,J1540+4445,equal_pair,14,5243.508,4484.376
J1540_4445_J1540_4445_i_240px_hdu0,J1540+4445,independent_pair,1,635.489,0.0
J1540_4445_J1540_4445_i_240px_hdu0,J1540+4445,independent_pair,2,635.489,0.0
J1540_4445_J1540_4445_i_240px_hdu0,J1540+4445,independent_pair,3,635.489,0.0
J1540_4445_J1540_4445_i_240px_hdu0,J1540+4445,independent_pair,4,635.489,0.0
J1540_4445_J1540_4445_i_240px_hdu0,J1540+4445,independent_pair,5,635.489,0.0
J1540_4445_J1540_4445_i_240px_hdu0,J1540+4445,independent_pair,6,5244.343,4608.854
J1540_4445_J1540_4445_i_240px_hdu0,J1540+4445,independent_pair,7,635.489,0.0
J1540_4445_J1540_4445_i_240px_hdu0,J1540+4445,independent_pair,8,635.489,0.0
J1540_4445_J1540_4445_i_240px_hdu0,J1540+4445,independent_pair,9,635.489,0.0
J1540_4445_J1540_4445_i_240px_hdu0,J1540+4445,independent_pair,10,635.489,0.0
J1540_4445_J1540_4445_i_240px_hdu0,J1540+4445,independent_pair,11,635.489,0.0
J1540_4445_J1540_4445_i_240px_hdu0,J1540+4445,independent_pair,12,635.489,0.0
J1540_4445_J1540_4445_i_240px_hdu0,J1540+4445,independent_pair,13,5245.308,4609.819
J1540_4445_J1540_4445_i_240px_hdu0,J1540+4445,independent_pair,14,5244.887,4609.398
J1540_4445_J1540_4445_r_240px_hdu0,J1540+4445,single,1,7126.987,0.0
J1540_4445_J1540_4445_r_240px_hdu0,J1540+4445,single,2,7126.987,0.0
J1540_4445_J1540_4445_r_240px_hdu0,J1540+4445,equal_pair,1,657.61,0.0
J1540_4445_J1540_4445_r_240px_hdu0,J1540+4445,equal_pair,2,7128.553,6470.943
J1540_4445_J1540_4445_r_240px_hdu0,J1540+4445,equal_pair,3,7128.539,6470.929
J1540_4445_J1540_4445_r_240px_hdu0,J1540+4445,equal_pair,4,7128.547,6470.937
J1540_4445_J1540_4445_r_240px_hdu0,J1540+4445,equal_pair,5,7128.554,6470.944
J1540_4445_J1540_4445_r_240px_hdu0,J1540+4445,equal_pair,6,7128.542,6470.932
J1540_4445_J1540_4445_r_240px_hdu0,J1540+4445,equal_pair,7,7128.539,6470.929
J1540_4445_J1540_4445_r_240px_hdu0,J1540+4445,equal_pair,8,7128.539,6470.929
J1540_4445_J1540_4445_r_240px_hdu0,J1540+4445,equal_pair,9,657.61,0.0
J1540_4445_J1540_4445_r_240px_hdu0,J1540+4445,equal_pair,10,7128.549,6470.939
J1540_4445_J1540_4445_r_240px_hdu0,J1540+4445,equal_pair,11,7128.561,6470.951
J1540_4445_J1540_4445_r_240px_hdu0,J1540+4445,equal_pair,12,7128.738,6471.128
J1540_4445_J1540_4445_r_240px_hdu0,J1540+4445,equal_pair,13,7128.639,6471.029
J1540_4445_J1540_4445_r_240px_hdu0,J1540+4445,equal_pair,14,7128.539,6470.929
J1540_4445_J1540_4445_r_240px_hdu0,J1540+4445,independent_pair,1,651.13,0.0
J1540_4445_J1540_4445_r_240px_hdu0,J1540+4445,independent_pair,2,651.13,0.0
J1540_4445_J1540_4445_r_240px_hdu0,J1540+4445,independent_pair,3,651.13,0.0
J1540_4445_J1540_4445_r_240px_hdu0,J1540+4445,independent_pair,4,651.13,0.0
J1540_4445_J1540_4445_r_240px_hdu0,J1540+4445,independent_pair,5,7126.993,6475.863
J1540_4445_J1540_4445_r_240px_hdu0,J1540+4445,independent_pair,6,7130.713,6479.583
J1540_4445_J1540_4445_r_240px_hdu0,J1540+4445,independent_pair,7,7127.305,6476.175
J1540_4445_J1540_4445_r_240px_hdu0,J1540+4445,independent_pair,8,7127.052,6475.922
J1540_4445_J1540_4445_r_240px_hdu0,J1540+4445,independent_pair,9,7126.986,6475.856
J1540_4445_J1540_4445_r_240px_hdu0,J1540+4445,independent_pair,10,651.13,0.0
J1540_4445_J1540_4445_r_240px_hdu0,J1540+4445,independent_pair,11,7127.402,6476.272
J1540_4445_J1540_4445_r_240px_hdu0,J1540+4445,independent_pair,12,7127.052,6475.922
J1540_4445_J1540_4445_r_240px_hdu0,J1540+4445,independent_pair,13,651.13,0.0
J1540_4445_J1540_4445_r_240px_hdu0,J1540+4445,independent_pair,14,651.13,0.0
J1616_1415_J1616_1415_i_240px_hdu0,J1616+1415,single,1,10545.351,0.0
J1616_1415_J1616_1415_i_240px_hdu0,J1616+1415,single,2,10545.355,0.004
J1616_1415_J1616_1415_i_240px_hdu0,J1616+1415,equal_pair,1,1888.844,0.002
J1616_1415_J1616_1415_i_240px_hdu0,J1616+1415,equal_pair,2,1888.842,0.0
J1616_1415_J1616_1415_i_240px_hdu0,J1616+1415,equal_pair,3,1888.843,0.001
J1616_1415_J1616_1415_i_240px_hdu0,J1616+1415,equal_pair,4,1888.843,0.001
J1616_1415_J1616_1415_i_240px_hdu0,J1616+1415,equal_pair,5,1888.843,0.001
J1616_1415_J1616_1415_i_240px_hdu0,J1616+1415,equal_pair,6,1888.844,0.002
J1616_1415_J1616_1415_i_240px_hdu0,J1616+1415,equal_pair,7,1888.844,0.002
J1616_1415_J1616_1415_i_240px_hdu0,J1616+1415,equal_pair,8,1888.843,0.001
J1616_1415_J1616_1415_i_240px_hdu0,J1616+1415,equal_pair,9,1888.843,0.001
J1616_1415_J1616_1415_i_240px_hdu0,J1616+1415,equal_pair,10,1888.843,0.001
J1616_1415_J1616_1415_i_240px_hdu0,J1616+1415,equal_pair,11,1888.844,0.002
J1616_1415_J1616_1415_i_240px_hdu0,J1616+1415,equal_pair,12,1888.843,0.001
J1616_1415_J1616_1415_i_240px_hdu0,J1616+1415,equal_pair,13,1888.847,0.005
J1616_1415_J1616_1415_i_240px_hdu0,J1616+1415,equal_pair,14,1888.847,0.005
J1616_1415_J1616_1415_i_240px_hdu0,J1616+1415,independent_pair,1,1002.88,0.0
J1616_1415_J1616_1415_i_240px_hdu0,J1616+1415,independent_pair,2,1002.88,0.0
J1616_1415_J1616_1415_i_240px_hdu0,J1616+1415,independent_pair,3,1002.88,0.0
J1616_1415_J1616_1415_i_240px_hdu0,J1616+1415,independent_pair,4,1002.88,0.0
J1616_1415_J1616_1415_i_240px_hdu0,J1616+1415,independent_pair,5,1002.88,0.0
J1616_1415_J1616_1415_i_240px_hdu0,J1616+1415,independent_pair,6,1002.88,0.0
J1616_1415_J1616_1415_i_240px_hdu0,J1616+1415,independent_pair,7,1002.88,0.0
J1616_1415_J1616_1415_i_240px_hdu0,J1616+1415,independent_pair,8,1002.88,0.0
J1616_1415_J1616_1415_i_240px_hdu0,J1616+1415,independent_pair,9,1002.88,0.0
J1616_1415_J1616_1415_i_240px_hdu0,J1616+1415,independent_pair,10,1002.88,0.0
J1616_1415_J1616_1415_i_240px_hdu0,J1616+1415,independent_pair,11,1002.88,0.0
J1616_1415_J1616_1415_i_240px_hdu0,J1616+1415,independent_pair,12,1002.88,0.0
J1616_1415_J1616_1415_i_240px_hdu0,J1616+1415,independent_pair,13,1002.88,0.0
J1616_1415_J1616_1415_i_240px_hdu0,J1616+1415,independent_pair,14,1002.88,0.0
J1616_1415_J1616_1415_r_240px_hdu0,J1616+1415,single,1,13063.256,0.0
J1616_1415_J1616_1415_r_240px_hdu0,J1616+1415,single,2,13063.256,0.0
J1616_1415_J1616_1415_r_240px_hdu0,J1616+1415,equal_pair,1,2755.054,0.0
J1616_1415_J1616_1415_r_240px_hdu0,J1616+1415,equal_pair,2,2755.054,0.0
J1616_1415_J1616_1415_r_240px_hdu0,J1616+1415,equal_pair,3,2755.055,0.001
J1616_1415_J1616_1415_r_240px_hdu0,J1616+1415,equal_pair,4,2755.058,0.004
J1616_1415_J1616_1415_r_240px_hdu0,J1616+1415,equal_pair,5,2755.054,0.0
J1616_1415_J1616_1415_r_240px_hdu0,J1616+1415,equal_pair,6,2755.059,0.005
J1616_1415_J1616_1415_r_240px_hdu0,J1616+1415,equal_pair,7,2755.055,0.001
J1616_1415_J1616_1415_r_240px_hdu0,J1616+1415,equal_pair,8,2755.056,0.002
J1616_1415_J1616_1415_r_240px_hdu0,J1616+1415,equal_pair,9,2755.054,0.0
J1616_1415_J1616_1415_r_240px_hdu0,J1616+1415,equal_pair,10,2755.055,0.001
J1616_1415_J1616_1415_r_240px_hdu0,J1616+1415,equal_pair,11,2755.054,0.0
J1616_1415_J1616_1415_r_240px_hdu0,J1616+1415,equal_pair,12,2755.055,0.001
J1616_1415_J1616_1415_r_240px_hdu0,J1616+1415,equal_pair,13,2755.056,0.002
J1616_1415_J1616_1415_r_240px_hdu0,J1616+1415,equal_pair,14,2755.054,0.0
J1616_1415_J1616_1415_r_240px_hdu0,J1616+1415,independent_pair,1,1147.662,0.0
J1616_1415_J1616_1415_r_240px_hdu0,J1616+1415,independent_pair,2,1147.662,0.0
J1616_1415_J1616_1415_r_240px_hdu0,J1616+1415,independent_pair,3,1147.662,0.0
J1616_1415_J1616_1415_r_240px_hdu0,J1616+1415,independent_pair,4,1147.662,0.0
J1616_1415_J1616_1415_r_240px_hdu0,J1616+1415,independent_pair,5,1147.662,0.0
J1616_1415_J1616_1415_r_240px_hdu0,J1616+1415,independent_pair,6,1147.662,0.0
J1616_1415_J1616_1415_r_240px_hdu0,J1616+1415,independent_pair,7,1147.662,0.0
J1616_1415_J1616_1415_r_240px_hdu0,J1616+1415,independent_pair,8,1147.662,0.0
J1616_1415_J1616_1415_r_240px_hdu0,J1616+1415,independent_pair,9,1147.662,0.0
J1616_1415_J1616_1415_r_240px_hdu0,J1616+1415,independent_pair,10,1147.662,0.0
J1616_1415_J1616_1415_r_240px_hdu0,J1616+1415,independent_pair,11,1147.662,0.0
J1616_1415_J1616_1415_r_240px_hdu0,J1616+1415,independent_pair,12,1147.662,0.0
J1616_1415_J1616_1415_r_240px_hdu0,J1616+1415,independent_pair,13,1147.662,0.0
J1616_1415_J1616_1415_r_240px_hdu0,J1616+1415,independent_pair,14,1147.662,0.0
J2015_0707_J2015_0707_i_240px_hdu0,J2015+0707,single,1,3596.68,0.0
J2015_0707_J2015_0707_i_240px_hdu0,J2015+0707,single,2,3596.68,0.0
J2015_0707_J2015_0707_i_240px_hdu0,J2015+0707,equal_pair,1,14164.385,10607.619
J2015_0707_J2015_0707_i_240px_hdu0,J2015+0707,equal_pair,2,3556.828,0.062
J2015_0707_J2015_0707_i_240px_hdu0,J2015+0707,equal_pair,3,14164.465,10607.699
J2015_0707_J2015_0707_i_240px_hdu0,J2015+0707,equal_pair,4,3556.794,0.028
J2015_0707_J2015_0707_i_240px_hdu0,J2015+0707,equal_pair,5,3556.773,0.007
J2015_0707_J2015_0707_i_240px_hdu0,J2015+0707,equal_pair,6,14164.405,10607.639
J2015_0707_J2015_0707_i_240px_hdu0,J2015+0707,equal_pair,7,3556.834,0.068
J2015_0707_J2015_0707_i_240px_hdu0,J2015+0707,equal_pair,8,3559.899,3.133
J2015_0707_J2015_0707_i_240px_hdu0,J2015+0707,equal_pair,9,14164.477,10607.711
J2015_0707_J2015_0707_i_240px_hdu0,J2015+0707,equal_pair,10,3556.785,0.019
J2015_0707_J2015_0707_i_240px_hdu0,J2015+0707,equal_pair,11,3556.769,0.003
J2015_0707_J2015_0707_i_240px_hdu0,J2015+0707,equal_pair,12,3556.793,0.027
J2015_0707_J2015_0707_i_240px_hdu0,J2015+0707,equal_pair,13,3556.766,0.0
J2015_0707_J2015_0707_i_240px_hdu0,J2015+0707,equal_pair,14,3556.789,0.023
J2015_0707_J2015_0707_i_240px_hdu0,J2015+0707,independent_pair,1,1040.18,0.0
J2015_0707_J2015_0707_i_240px_hdu0,J2015+0707,independent_pair,2,1040.18,0.0
J2015_0707_J2015_0707_i_240px_hdu0,J2015+0707,independent_pair,3,1040.18,0.0
J2015_0707_J2015_0707_i_240px_hdu0,J2015+0707,independent_pair,4,1040.18,0.0
J2015_0707_J2015_0707_i_240px_hdu0,J2015+0707,independent_pair,5,1040.18,0.0
J2015_0707_J2015_0707_i_240px_hdu0,J2015+0707,independent_pair,6,1040.18,0.0
J2015_0707_J2015_0707_i_240px_hdu0,J2015+0707,independent_pair,7,1040.18,0.0
J2015_0707_J2015_0707_i_240px_hdu0,J2015+0707,independent_pair,8,3558.744,2518.564
J2015_0707_J2015_0707_i_240px_hdu0,J2015+0707,independent_pair,9,1040.18,0.0
J2015_0707_J2015_0707_i_240px_hdu0,J2015+0707,independent_pair,10,1040.18,0.0
J2015_0707_J2015_0707_i_240px_hdu0,J2015+0707,independent_pair,11,1040.18,0.0
J2015_0707_J2015_0707_i_240px_hdu0,J2015+0707,independent_pair,12,1040.18,0.0
J2015_0707_J2015_0707_i_240px_hdu0,J2015+0707,independent_pair,13,1040.18,0.0
J2015_0707_J2015_0707_i_240px_hdu0,J2015+0707,independent_pair,14,1040.18,0.0
J2015_0707_J2015_0707_r_240px_hdu0,J2015+0707,single,1,2798.982,0.0
J2015_0707_J2015_0707_r_240px_hdu0,J2015+0707,single,2,2798.982,0.0
J2015_0707_J2015_0707_r_240px_hdu0,J2015+0707,equal_pair,1,13748.987,11000.851
J2015_0707_J2015_0707_r_240px_hdu0,J2015+0707,equal_pair,2,2751.005,2.869
J2015_0707_J2015_0707_r_240px_hdu0,J2015+0707,equal_pair,3,13749.086,11000.95
J2015_0707_J2015_0707_r_240px_hdu0,J2015+0707,equal_pair,4,2748.137,0.001
J2015_0707_J2015_0707_r_240px_hdu0,J2015+0707,equal_pair,5,2748.136,0.0
J2015_0707_J2015_0707_r_240px_hdu0,J2015+0707,equal_pair,6,13749.038,11000.902
J2015_0707_J2015_0707_r_240px_hdu0,J2015+0707,equal_pair,7,2748.137,0.001
J2015_0707_J2015_0707_r_240px_hdu0,J2015+0707,equal_pair,8,2748.137,0.001
J2015_0707_J2015_0707_r_240px_hdu0,J2015+0707,equal_pair,9,13748.926,11000.79
J2015_0707_J2015_0707_r_240px_hdu0,J2015+0707,equal_pair,10,2748.138,0.002
J2015_0707_J2015_0707_r_240px_hdu0,J2015+0707,equal_pair,11,2748.136,0.0
J2015_0707_J2015_0707_r_240px_hdu0,J2015+0707,equal_pair,12,2748.136,0.0
J2015_0707_J2015_0707_r_240px_hdu0,J2015+0707,equal_pair,13,2748.137,0.001
J2015_0707_J2015_0707_r_240px_hdu0,J2015+0707,equal_pair,14,2748.141,0.005
J2015_0707_J2015_0707_r_240px_hdu0,J2015+0707,independent_pair,1,2708.965,1736.182
J2015_0707_J2015_0707_r_240px_hdu0,J2015+0707,independent_pair,2,972.783,0.0
J2015_0707_J2015_0707_r_240px_hdu0,J2015+0707,independent_pair,3,972.783,0.0
J2015_0707_J2015_0707_r_240px_hdu0,J2015+0707,independent_pair,4,972.783,0.0
J2015_0707_J2015_0707_r_240px_hdu0,J2015+0707,independent_pair,5,2699.893,1727.11
J2015_0707_J2015_0707_r_240px_hdu0,J2015+0707,independent_pair,6,2699.893,1727.11
J2015_0707_J2015_0707_r_240px_hdu0,J2015+0707,independent_pair,7,2748.189,1775.406
J2015_0707_J2015_0707_r_240px_hdu0,J2015+0707,independent_pair,8,2699.911,1727.128
J2015_0707_J2015_0707_r_240px_hdu0,J2015+0707,independent_pair,9,2708.965,1736.182
J2015_0707_J2015_0707_r_240px_hdu0,J2015+0707,independent_pair,10,2708.965,1736.182
J2015_0707_J2015_0707_r_240px_hdu0,J2015+0707,independent_pair,11,2708.965,1736.182
J2015_0707_J2015_0707_r_240px_hdu0,J2015+0707,independent_pair,12,2708.965,1736.182
J2015_0707_J2015_0707_r_240px_hdu0,J2015+0707,independent_pair,13,2699.894,1727.111
J2015_0707_J2015_0707_r_240px_hdu0,J2015+0707,independent_pair,14,2699.9,1727.117
J2032_2358_J2032-2358_i_240px_hdu0,J2032–2358,single,1,38648.959,0.014
J2032_2358_J2032-2358_i_240px_hdu0,J2032–2358,single,2,38648.945,0.0
J2032_2358_J2032-2358_i_240px_hdu0,J2032–2358,equal_pair,1,5247.128,0.001
J2032_2358_J2032-2358_i_240px_hdu0,J2032–2358,equal_pair,2,37637.313,32390.186
J2032_2358_J2032-2358_i_240px_hdu0,J2032–2358,equal_pair,3,37637.252,32390.125
J2032_2358_J2032-2358_i_240px_hdu0,J2032–2358,equal_pair,4,37637.449,32390.322
J2032_2358_J2032-2358_i_240px_hdu0,J2032–2358,equal_pair,5,5247.127,0.0
J2032_2358_J2032-2358_i_240px_hdu0,J2032–2358,equal_pair,6,37637.587,32390.46
J2032_2358_J2032-2358_i_240px_hdu0,J2032–2358,equal_pair,7,37637.228,32390.101
J2032_2358_J2032-2358_i_240px_hdu0,J2032–2358,equal_pair,8,37647.682,32400.555
J2032_2358_J2032-2358_i_240px_hdu0,J2032–2358,equal_pair,9,37637.163,32390.036
J2032_2358_J2032-2358_i_240px_hdu0,J2032–2358,equal_pair,10,37637.296,32390.169
J2032_2358_J2032-2358_i_240px_hdu0,J2032–2358,equal_pair,11,37637.338,32390.211
J2032_2358_J2032-2358_i_240px_hdu0,J2032–2358,equal_pair,12,37637.387,32390.26
J2032_2358_J2032-2358_i_240px_hdu0,J2032–2358,equal_pair,13,5247.127,0.0
J2032_2358_J2032-2358_i_240px_hdu0,J2032–2358,equal_pair,14,37637.398,32390.271
J2032_2358_J2032-2358_i_240px_hdu0,J2032–2358,independent_pair,1,1913.546,0.0
J2032_2358_J2032-2358_i_240px_hdu0,J2032–2358,independent_pair,2,1913.546,0.0
J2032_2358_J2032-2358_i_240px_hdu0,J2032–2358,independent_pair,3,1913.546,0.0
J2032_2358_J2032-2358_i_240px_hdu0,J2032–2358,independent_pair,4,1913.546,0.0
J2032_2358_J2032-2358_i_240px_hdu0,J2032–2358,independent_pair,5,1913.546,0.0
J2032_2358_J2032-2358_i_240px_hdu0,J2032–2358,independent_pair,6,1913.546,0.0
J2032_2358_J2032-2358_i_240px_hdu0,J2032–2358,independent_pair,7,1913.546,0.0
J2032_2358_J2032-2358_i_240px_hdu0,J2032–2358,independent_pair,8,1913.546,0.0
J2032_2358_J2032-2358_i_240px_hdu0,J2032–2358,independent_pair,9,1913.546,0.0
J2032_2358_J2032-2358_i_240px_hdu0,J2032–2358,independent_pair,10,1913.546,0.0
J2032_2358_J2032-2358_i_240px_hdu0,J2032–2358,independent_pair,11,1913.546,0.0
J2032_2358_J2032-2358_i_240px_hdu0,J2032–2358,independent_pair,12,1913.546,0.0
J2032_2358_J2032-2358_i_240px_hdu0,J2032–2358,independent_pair,13,1913.546,0.0
J2032_2358_J2032-2358_i_240px_hdu0,J2032–2358,independent_pair,14,1913.546,0.0
J2032_2358_J2032-2358_r_240px_hdu0,J2032–2358,single,1,17085.085,0.0
J2032_2358_J2032-2358_r_240px_hdu0,J2032–2358,single,2,17085.085,0.0
J2032_2358_J2032-2358_r_240px_hdu0,J2032–2358,equal_pair,1,2280.218,0.0
J2032_2358_J2032-2358_r_240px_hdu0,J2032–2358,equal_pair,2,17000.197,14719.979
J2032_2358_J2032-2358_r_240px_hdu0,J2032–2358,equal_pair,3,17000.221,14720.003
J2032_2358_J2032-2358_r_240px_hdu0,J2032–2358,equal_pair,4,17000.18,14719.962
J2032_2358_J2032-2358_r_240px_hdu0,J2032–2358,equal_pair,5,2280.218,0.0
J2032_2358_J2032-2358_r_240px_hdu0,J2032–2358,equal_pair,6,17000.178,14719.96
J2032_2358_J2032-2358_r_240px_hdu0,J2032–2358,equal_pair,7,17000.174,14719.956
J2032_2358_J2032-2358_r_240px_hdu0,J2032–2358,equal_pair,8,17003.492,14723.274
J2032_2358_J2032-2358_r_240px_hdu0,J2032–2358,equal_pair,9,17000.176,14719.958
J2032_2358_J2032-2358_r_240px_hdu0,J2032–2358,equal_pair,10,17000.185,14719.967
J2032_2358_J2032-2358_r_240px_hdu0,J2032–2358,equal_pair,11,17000.184,14719.966
J2032_2358_J2032-2358_r_240px_hdu0,J2032–2358,equal_pair,12,17000.18,14719.962
J2032_2358_J2032-2358_r_240px_hdu0,J2032–2358,equal_pair,13,2280.218,0.0
J2032_2358_J2032-2358_r_240px_hdu0,J2032–2358,equal_pair,14,17003.509,14723.291
J2032_2358_J2032-2358_r_240px_hdu0,J2032–2358,independent_pair,1,1127.798,0.0
J2032_2358_J2032-2358_r_240px_hdu0,J2032–2358,independent_pair,2,1127.798,0.0
J2032_2358_J2032-2358_r_240px_hdu0,J2032–2358,independent_pair,3,1127.798,0.0
J2032_2358_J2032-2358_r_240px_hdu0,J2032–2358,independent_pair,4,1127.798,0.0
J2032_2358_J2032-2358_r_240px_hdu0,J2032–2358,independent_pair,5,1127.798,0.0
J2032_2358_J2032-2358_r_240px_hdu0,J2032–2358,independent_pair,6,1127.798,0.0
J2032_2358_J2032-2358_r_240px_hdu0,J2032–2358,independent_pair,7,1127.798,0.0
J2032_2358_J2032-2358_r_240px_hdu0,J2032–2358,independent_pair,8,1127.798,0.0
J2032_2358_J2032-2358_r_240px_hdu0,J2032–2358,independent_pair,9,1127.798,0.0
J2032_2358_J2032-2358_r_240px_hdu0,J2032–2358,independent_pair,10,1127.798,0.0
J2032_2358_J2032-2358_r_240px_hdu0,J2032–2358,independent_pair,11,1127.798,0.0
J2032_2358_J2032-2358_r_240px_hdu0,J2032–2358,independent_pair,12,1127.798,0.0
J2032_2358_J2032-2358_r_240px_hdu0,J2032–2358,independent_pair,13,1127.798,0.0
J2032_2358_J2032-2358_r_240px_hdu0,J2032–2358,independent_pair,14,1127.798,0.0
J2132_2603_J2132_2603_i_240px_hdu0,J2132+2603,single,1,3651.341,0.003
J2132_2603_J2132_2603_i_240px_hdu0,J2132+2603,single,2,3651.338,0.0
J2132_2603_J2132_2603_i_240px_hdu0,J2132+2603,equal_pair,1,2159.575,0.023
J2132_2603_J2132_2603_i_240px_hdu0,J2132+2603,equal_pair,2,2159.565,0.013
J2132_2603_J2132_2603_i_240px_hdu0,J2132+2603,equal_pair,3,2159.571,0.019
J2132_2603_J2132_2603_i_240px_hdu0,J2132+2603,equal_pair,4,2159.552,0.0
J2132_2603_J2132_2603_i_240px_hdu0,J2132+2603,equal_pair,5,2159.554,0.002
J2132_2603_J2132_2603_i_240px_hdu0,J2132+2603,equal_pair,6,2159.558,0.006
J2132_2603_J2132_2603_i_240px_hdu0,J2132+2603,equal_pair,7,2159.565,0.013
J2132_2603_J2132_2603_i_240px_hdu0,J2132+2603,equal_pair,8,3524.639,1365.087
J2132_2603_J2132_2603_i_240px_hdu0,J2132+2603,equal_pair,9,2159.569,0.017
J2132_2603_J2132_2603_i_240px_hdu0,J2132+2603,equal_pair,10,2159.554,0.002
J2132_2603_J2132_2603_i_240px_hdu0,J2132+2603,equal_pair,11,2159.574,0.022
J2132_2603_J2132_2603_i_240px_hdu0,J2132+2603,equal_pair,12,2159.554,0.002
J2132_2603_J2132_2603_i_240px_hdu0,J2132+2603,equal_pair,13,2159.571,0.019
J2132_2603_J2132_2603_i_240px_hdu0,J2132+2603,equal_pair,14,2159.552,0.0
J2132_2603_J2132_2603_i_240px_hdu0,J2132+2603,independent_pair,1,1059.852,0.0
J2132_2603_J2132_2603_i_240px_hdu0,J2132+2603,independent_pair,2,1059.852,0.0
J2132_2603_J2132_2603_i_240px_hdu0,J2132+2603,independent_pair,3,1059.852,0.0
J2132_2603_J2132_2603_i_240px_hdu0,J2132+2603,independent_pair,4,1059.852,0.0
J2132_2603_J2132_2603_i_240px_hdu0,J2132+2603,independent_pair,5,1059.852,0.0
J2132_2603_J2132_2603_i_240px_hdu0,J2132+2603,independent_pair,6,1059.852,0.0
J2132_2603_J2132_2603_i_240px_hdu0,J2132+2603,independent_pair,7,1059.852,0.0
J2132_2603_J2132_2603_i_240px_hdu0,J2132+2603,independent_pair,8,1059.852,0.0
J2132_2603_J2132_2603_i_240px_hdu0,J2132+2603,independent_pair,9,1059.853,0.001
J2132_2603_J2132_2603_i_240px_hdu0,J2132+2603,independent_pair,10,1059.852,0.0
J2132_2603_J2132_2603_i_240px_hdu0,J2132+2603,independent_pair,11,1059.852,0.0
J2132_2603_J2132_2603_i_240px_hdu0,J2132+2603,independent_pair,12,1059.852,0.0
J2132_2603_J2132_2603_i_240px_hdu0,J2132+2603,independent_pair,13,1059.853,0.001
J2132_2603_J2132_2603_i_240px_hdu0,J2132+2603,independent_pair,14,1059.852,0.0
J2132_2603_J2132_2603_r_240px_hdu0,J2132+2603,single,1,3942.867,0.0
J2132_2603_J2132_2603_r_240px_hdu0,J2132+2603,single,2,3942.867,0.0
J2132_2603_J2132_2603_r_240px_hdu0,J2132+2603,equal_pair,1,4377.082,669.479
J2132_2603_J2132_2603_r_240px_hdu0,J2132+2603,equal_pair,2,3707.607,0.004
J2132_2603_J2132_2603_r_240px_hdu0,J2132+2603,equal_pair,3,3707.603,0.0
J2132_2603_J2132_2603_r_240px_hdu0,J2132+2603,equal_pair,4,3707.623,0.02
J2132_2603_J2132_2603_r_240px_hdu0,J2132+2603,equal_pair,5,3707.617,0.014
J2132_2603_J2132_2603_r_240px_hdu0,J2132+2603,equal_pair,6,3707.607,0.004
J2132_2603_J2132_2603_r_240px_hdu0,J2132+2603,equal_pair,7,3707.609,0.006
J2132_2603_J2132_2603_r_240px_hdu0,J2132+2603,equal_pair,8,3812.952,105.349
J2132_2603_J2132_2603_r_240px_hdu0,J2132+2603,equal_pair,9,4377.074,669.471
J2132_2603_J2132_2603_r_240px_hdu0,J2132+2603,equal_pair,10,3707.607,0.004
J2132_2603_J2132_2603_r_240px_hdu0,J2132+2603,equal_pair,11,3707.607,0.004
J2132_2603_J2132_2603_r_240px_hdu0,J2132+2603,equal_pair,12,3707.611,0.008
J2132_2603_J2132_2603_r_240px_hdu0,J2132+2603,equal_pair,13,3707.616,0.013
J2132_2603_J2132_2603_r_240px_hdu0,J2132+2603,equal_pair,14,3707.615,0.012
J2132_2603_J2132_2603_r_240px_hdu0,J2132+2603,independent_pair,1,805.206,0.0
J2132_2603_J2132_2603_r_240px_hdu0,J2132+2603,independent_pair,2,805.206,0.0
J2132_2603_J2132_2603_r_240px_hdu0,J2132+2603,independent_pair,3,805.206,0.0
J2132_2603_J2132_2603_r_240px_hdu0,J2132+2603,independent_pair,4,805.206,0.0
J2132_2603_J2132_2603_r_240px_hdu0,J2132+2603,independent_pair,5,805.206,0.0
J2132_2603_J2132_2603_r_240px_hdu0,J2132+2603,independent_pair,6,805.206,0.0
J2132_2603_J2132_2603_r_240px_hdu0,J2132+2603,independent_pair,7,805.206,0.0
J2132_2603_J2132_2603_r_240px_hdu0,J2132+2603,independent_pair,8,805.206,0.0
J2132_2603_J2132_2603_r_240px_hdu0,J2132+2603,independent_pair,9,805.206,0.0
J2132_2603_J2132_2603_r_240px_hdu0,J2132+2603,independent_pair,10,805.206,0.0
J2132_2603_J2132_2603_r_240px_hdu0,J2132+2603,independent_pair,11,805.206,0.0
J2132_2603_J2132_2603_r_240px_hdu0,J2132+2603,independent_pair,12,805.206,0.0
J2132_2603_J2132_2603_r_240px_hdu0,J2132+2603,independent_pair,13,805.206,0.0
J2132_2603_J2132_2603_r_240px_hdu0,J2132+2603,independent_pair,14,805.206,0.0
J2147-1340_J2147-1340_i_240px_hdu0,J2147-1340,single,1,15195.159,0.416
J2147-1340_J2147-1340_i_240px_hdu0,J2147-1340,single,2,15194.743,0.0
J2147-1340_J2147-1340_i_240px_hdu0,J2147-1340,equal_pair,1,2458.385,0.0
J2147-1340_J2147-1340_i_240px_hdu0,J2147-1340,equal_pair,2,7447.857,4989.472
J2147-1340_J2147-1340_i_240px_hdu0,J2147-1340,equal_pair,3,2458.385,0.0
J2147-1340_J2147-1340_i_240px_hdu0,J2147-1340,equal_pair,4,2458.393,0.008
J2147-1340_J2147-1340_i_240px_hdu0,J2147-1340,equal_pair,5,2458.388,0.003
J2147-1340_J2147-1340_i_240px_hdu0,J2147-1340,equal_pair,6,2458.385,0.0
J2147-1340_J2147-1340_i_240px_hdu0,J2147-1340,equal_pair,7,2458.389,0.004
J2147-1340_J2147-1340_i_240px_hdu0,J2147-1340,equal_pair,8,2458.386,0.001
J2147-1340_J2147-1340_i_240px_hdu0,J2147-1340,equal_pair,9,7447.834,4989.449
J2147-1340_J2147-1340_i_240px_hdu0,J2147-1340,equal_pair,10,2458.385,0.0
J2147-1340_J2147-1340_i_240px_hdu0,J2147-1340,equal_pair,11,2458.386,0.001
J2147-1340_J2147-1340_i_240px_hdu0,J2147-1340,equal_pair,12,2458.386,0.001
J2147-1340_J2147-1340_i_240px_hdu0,J2147-1340,equal_pair,13,2458.385,0.0
J2147-1340_J2147-1340_i_240px_hdu0,J2147-1340,equal_pair,14,2458.392,0.007
J2147-1340_J2147-1340_i_240px_hdu0,J2147-1340,independent_pair,1,2452.263,0.001
J2147-1340_J2147-1340_i_240px_hdu0,J2147-1340,independent_pair,2,2452.263,0.001
J2147-1340_J2147-1340_i_240px_hdu0,J2147-1340,independent_pair,3,2452.268,0.006
J2147-1340_J2147-1340_i_240px_hdu0,J2147-1340,independent_pair,4,2452.263,0.001
J2147-1340_J2147-1340_i_240px_hdu0,J2147-1340,independent_pair,5,2452.265,0.003
J2147-1340_J2147-1340_i_240px_hdu0,J2147-1340,independent_pair,6,2452.262,0.0
J2147-1340_J2147-1340_i_240px_hdu0,J2147-1340,independent_pair,7,2452.264,0.002
J2147-1340_J2147-1340_i_240px_hdu0,J2147-1340,independent_pair,8,2452.264,0.002
J2147-1340_J2147-1340_i_240px_hdu0,J2147-1340,independent_pair,9,2452.263,0.001
J2147-1340_J2147-1340_i_240px_hdu0,J2147-1340,independent_pair,10,2452.265,0.003
J2147-1340_J2147-1340_i_240px_hdu0,J2147-1340,independent_pair,11,2452.265,0.003
J2147-1340_J2147-1340_i_240px_hdu0,J2147-1340,independent_pair,12,2452.264,0.002
J2147-1340_J2147-1340_i_240px_hdu0,J2147-1340,independent_pair,13,2452.262,0.0
J2147-1340_J2147-1340_i_240px_hdu0,J2147-1340,independent_pair,14,2452.266,0.004
J2147-1340_J2147-1340_r_240px_hdu0,J2147-1340,single,1,8267.714,0.0
J2147-1340_J2147-1340_r_240px_hdu0,J2147-1340,single,2,8267.736,0.022
J2147-1340_J2147-1340_r_240px_hdu0,J2147-1340,equal_pair,1,1323.407,0.001
J2147-1340_J2147-1340_r_240px_hdu0,J2147-1340,equal_pair,2,4411.044,3087.638
J2147-1340_J2147-1340_r_240px_hdu0,J2147-1340,equal_pair,3,1323.407,0.001
J2147-1340_J2147-1340_r_240px_hdu0,J2147-1340,equal_pair,4,1323.406,0.0
J2147-1340_J2147-1340_r_240px_hdu0,J2147-1340,equal_pair,5,1323.413,0.007
J2147-1340_J2147-1340_r_240px_hdu0,J2147-1340,equal_pair,6,1323.406,0.0
J2147-1340_J2147-1340_r_240px_hdu0,J2147-1340,equal_pair,7,1323.407,0.001
J2147-1340_J2147-1340_r_240px_hdu0,J2147-1340,equal_pair,8,1323.406,0.0
J2147-1340_J2147-1340_r_240px_hdu0,J2147-1340,equal_pair,9,4411.057,3087.651
J2147-1340_J2147-1340_r_240px_hdu0,J2147-1340,equal_pair,10,1323.406,0.0
J2147-1340_J2147-1340_r_240px_hdu0,J2147-1340,equal_pair,11,1323.406,0.0
J2147-1340_J2147-1340_r_240px_hdu0,J2147-1340,equal_pair,12,1323.406,0.0
J2147-1340_J2147-1340_r_240px_hdu0,J2147-1340,equal_pair,13,1323.406,0.0
J2147-1340_J2147-1340_r_240px_hdu0,J2147-1340,equal_pair,14,1323.407,0.001
J2147-1340_J2147-1340_r_240px_hdu0,J2147-1340,independent_pair,1,1323.244,0.0
J2147-1340_J2147-1340_r_240px_hdu0,J2147-1340,independent_pair,2,1323.244,0.0
J2147-1340_J2147-1340_r_240px_hdu0,J2147-1340,independent_pair,3,1323.245,0.001
J2147-1340_J2147-1340_r_240px_hdu0,J2147-1340,independent_pair,4,1323.246,0.002
J2147-1340_J2147-1340_r_240px_hdu0,J2147-1340,independent_pair,5,1323.244,0.0
J2147-1340_J2147-1340_r_240px_hdu0,J2147-1340,independent_pair,6,1323.245,0.001
J2147-1340_J2147-1340_r_240px_hdu0,J2147-1340,independent_pair,7,1323.246,0.002
J2147-1340_J2147-1340_r_240px_hdu0,J2147-1340,independent_pair,8,1323.245,0.001
J2147-1340_J2147-1340_r_240px_hdu0,J2147-1340,independent_pair,9,1323.245,0.001
J2147-1340_J2147-1340_r_240px_hdu0,J2147-1340,independent_pair,10,1323.245,0.001
J2147-1340_J2147-1340_r_240px_hdu0,J2147-1340,independent_pair,11,1323.245,0.001
J2147-1340_J2147-1340_r_240px_hdu0,J2147-1340,independent_pair,12,1323.245,0.001
J2147-1340_J2147-1340_r_240px_hdu0,J2147-1340,independent_pair,13,1323.245,0.001
J2147-1340_J2147-1340_r_240px_hdu0,J2147-1340,independent_pair,14,1323.245,0.001
J2250_2117_J2250_2117_i_240px_hdu0,J2250+2117,single,1,22750.645,0.0
J2250_2117_J2250_2117_i_240px_hdu0,J2250+2117,single,2,22750.645,0.0
J2250_2117_J2250_2117_i_240px_hdu0,J2250+2117,equal_pair,1,55197.977,32438.549
J2250_2117_J2250_2117_i_240px_hdu0,J2250+2117,equal_pair,2,22761.527,2.099
J2250_2117_J2250_2117_i_240px_hdu0,J2250+2117,equal_pair,3,22759.428,0.0
J2250_2117_J2250_2117_i_240px_hdu0,J2250+2117,equal_pair,4,22765.185,5.757
J2250_2117_J2250_2117_i_240px_hdu0,J2250+2117,equal_pair,5,22762.242,2.814
J2250_2117_J2250_2117_i_240px_hdu0,J2250+2117,equal_pair,6,22767.831,8.403
J2250_2117_J2250_2117_i_240px_hdu0,J2250+2117,equal_pair,7,22760.276,0.848
J2250_2117_J2250_2117_i_240px_hdu0,J2250+2117,equal_pair,8,22763.309,3.881
J2250_2117_J2250_2117_i_240px_hdu0,J2250+2117,equal_pair,9,55198.125,32438.697
J2250_2117_J2250_2117_i_240px_hdu0,J2250+2117,equal_pair,10,22762.636,3.208
J2250_2117_J2250_2117_i_240px_hdu0,J2250+2117,equal_pair,11,22760.605,1.177
J2250_2117_J2250_2117_i_240px_hdu0,J2250+2117,equal_pair,12,55197.866,32438.438
J2250_2117_J2250_2117_i_240px_hdu0,J2250+2117,equal_pair,13,22760.161,0.733
J2250_2117_J2250_2117_i_240px_hdu0,J2250+2117,equal_pair,14,22764.311,4.883
J2250_2117_J2250_2117_i_240px_hdu0,J2250+2117,independent_pair,1,22754.111,18260.037
J2250_2117_J2250_2117_i_240px_hdu0,J2250+2117,independent_pair,2,4494.075,0.001
J2250_2117_J2250_2117_i_240px_hdu0,J2250+2117,independent_pair,3,4494.075,0.001
J2250_2117_J2250_2117_i_240px_hdu0,J2250+2117,independent_pair,4,4494.074,0.0
J2250_2117_J2250_2117_i_240px_hdu0,J2250+2117,independent_pair,5,4494.075,0.001
J2250_2117_J2250_2117_i_240px_hdu0,J2250+2117,independent_pair,6,4494.075,0.001
J2250_2117_J2250_2117_i_240px_hdu0,J2250+2117,independent_pair,7,22756.377,18262.303
J2250_2117_J2250_2117_i_240px_hdu0,J2250+2117,independent_pair,8,4494.074,0.0
J2250_2117_J2250_2117_i_240px_hdu0,J2250+2117,independent_pair,9,22752.857,18258.783
J2250_2117_J2250_2117_i_240px_hdu0,J2250+2117,independent_pair,10,22759.556,18265.482
J2250_2117_J2250_2117_i_240px_hdu0,J2250+2117,independent_pair,11,22757.697,18263.623
J2250_2117_J2250_2117_i_240px_hdu0,J2250+2117,independent_pair,12,4494.076,0.002
J2250_2117_J2250_2117_i_240px_hdu0,J2250+2117,independent_pair,13,4494.074,0.0
J2250_2117_J2250_2117_i_240px_hdu0,J2250+2117,independent_pair,14,4494.075,0.001
J2250_2117_J2250_2117_r_240px_hdu0,J2250+2117,single,1,11421.056,0.0
J2250_2117_J2250_2117_r_240px_hdu0,J2250+2117,single,2,11421.056,0.0
J2250_2117_J2250_2117_r_240px_hdu0,J2250+2117,equal_pair,1,31112.564,19688.033
J2250_2117_J2250_2117_r_240px_hdu0,J2250+2117,equal_pair,2,11424.999,0.468
J2250_2117_J2250_2117_r_240px_hdu0,J2250+2117,equal_pair,3,11424.986,0.455
J2250_2117_J2250_2117_r_240px_hdu0,J2250+2117,equal_pair,4,11425.172,0.641
J2250_2117_J2250_2117_r_240px_hdu0,J2250+2117,equal_pair,5,11425.341,0.81
J2250_2117_J2250_2117_r_240px_hdu0,J2250+2117,equal_pair,6,11426.07,1.539
J2250_2117_J2250_2117_r_240px_hdu0,J2250+2117,equal_pair,7,11425.017,0.486
J2250_2117_J2250_2117_r_240px_hdu0,J2250+2117,equal_pair,8,11425.608,1.077
J2250_2117_J2250_2117_r_240px_hdu0,J2250+2117,equal_pair,9,31112.686,19688.155
J2250_2117_J2250_2117_r_240px_hdu0,J2250+2117,equal_pair,10,11424.68,0.149
J2250_2117_J2250_2117_r_240px_hdu0,J2250+2117,equal_pair,11,11425.274,0.743
J2250_2117_J2250_2117_r_240px_hdu0,J2250+2117,equal_pair,12,31112.24,19687.709
J2250_2117_J2250_2117_r_240px_hdu0,J2250+2117,equal_pair,13,11424.737,0.206
J2250_2117_J2250_2117_r_240px_hdu0,J2250+2117,equal_pair,14,11424.531,0.0
J2250_2117_J2250_2117_r_240px_hdu0,J2250+2117,independent_pair,1,11421.307,8587.286
J2250_2117_J2250_2117_r_240px_hdu0,J2250+2117,independent_pair,2,2834.022,0.001
J2250_2117_J2250_2117_r_240px_hdu0,J2250+2117,independent_pair,3,2834.022,0.001
J2250_2117_J2250_2117_r_240px_hdu0,J2250+2117,independent_pair,4,2834.021,0.0
J2250_2117_J2250_2117_r_240px_hdu0,J2250+2117,independent_pair,5,2834.023,0.002
J2250_2117_J2250_2117_r_240px_hdu0,J2250+2117,independent_pair,6,2834.023,0.002
J2250_2117_J2250_2117_r_240px_hdu0,J2250+2117,independent_pair,7,11422.146,8588.125
J2250_2117_J2250_2117_r_240px_hdu0,J2250+2117,independent_pair,8,2834.021,0.0
J2250_2117_J2250_2117_r_240px_hdu0,J2250+2117,independent_pair,9,11421.927,8587.906
J2250_2117_J2250_2117_r_240px_hdu0,J2250+2117,independent_pair,10,11421.78,8587.759
J2250_2117_J2250_2117_r_240px_hdu0,J2250+2117,independent_pair,11,11421.991,8587.97
J2250_2117_J2250_2117_r_240px_hdu0,J2250+2117,independent_pair,12,11421.163,8587.142
J2250_2117_J2250_2117_r_240px_hdu0,J2250+2117,independent_pair,13,2834.022,0.001
J2250_2117_J2250_2117_r_240px_hdu0,J2250+2117,independent_pair,14,2834.022,0.001
J2316_0610_J2316_0610_i_240px_hdu0,J2316+0610,single,1,17219.107,0.0
J2316_0610_J2316_0610_i_240px_hdu0,J2316+0610,single,2,17219.145,0.038
J2316_0610_J2316_0610_i_240px_hdu0,J2316+0610,equal_pair,1,1231.594,0.0
J2316_0610_J2316_0610_i_240px_hdu0,J2316+0610,equal_pair,2,17221.205,15989.611
J2316_0610_J2316_0610_i_240px_hdu0,J2316+0610,equal_pair,3,1231.594,0.0
J2316_0610_J2316_0610_i_240px_hdu0,J2316+0610,equal_pair,4,1231.594,0.0
J2316_0610_J2316_0610_i_240px_hdu0,J2316+0610,equal_pair,5,1231.594,0.0
J2316_0610_J2316_0610_i_240px_hdu0,J2316+0610,equal_pair,6,1231.594,0.0
J2316_0610_J2316_0610_i_240px_hdu0,J2316+0610,equal_pair,7,1231.594,0.0
J2316_0610_J2316_0610_i_240px_hdu0,J2316+0610,equal_pair,8,1231.594,0.0
J2316_0610_J2316_0610_i_240px_hdu0,J2316+0610,equal_pair,9,14474.342,13242.748
J2316_0610_J2316_0610_i_240px_hdu0,J2316+0610,equal_pair,10,1231.594,0.0
J2316_0610_J2316_0610_i_240px_hdu0,J2316+0610,equal_pair,11,1231.594,0.0
J2316_0610_J2316_0610_i_240px_hdu0,J2316+0610,equal_pair,12,1231.594,0.0
J2316_0610_J2316_0610_i_240px_hdu0,J2316+0610,equal_pair,13,1231.594,0.0
J2316_0610_J2316_0610_i_240px_hdu0,J2316+0610,equal_pair,14,1231.594,0.0
J2316_0610_J2316_0610_i_240px_hdu0,J2316+0610,independent_pair,1,1170.939,0.0
J2316_0610_J2316_0610_i_240px_hdu0,J2316+0610,independent_pair,2,1170.939,0.0
J2316_0610_J2316_0610_i_240px_hdu0,J2316+0610,independent_pair,3,1170.939,0.0
J2316_0610_J2316_0610_i_240px_hdu0,J2316+0610,independent_pair,4,1170.939,0.0
J2316_0610_J2316_0610_i_240px_hdu0,J2316+0610,independent_pair,5,1170.939,0.0
J2316_0610_J2316_0610_i_240px_hdu0,J2316+0610,independent_pair,6,1170.939,0.0
J2316_0610_J2316_0610_i_240px_hdu0,J2316+0610,independent_pair,7,1170.939,0.0
J2316_0610_J2316_0610_i_240px_hdu0,J2316+0610,independent_pair,8,1170.939,0.0
J2316_0610_J2316_0610_i_240px_hdu0,J2316+0610,independent_pair,9,17233.447,16062.508
J2316_0610_J2316_0610_i_240px_hdu0,J2316+0610,independent_pair,10,1170.939,0.0
J2316_0610_J2316_0610_i_240px_hdu0,J2316+0610,independent_pair,11,1170.939,0.0
J2316_0610_J2316_0610_i_240px_hdu0,J2316+0610,independent_pair,12,1170.939,0.0
J2316_0610_J2316_0610_i_240px_hdu0,J2316+0610,independent_pair,13,1170.939,0.0
J2316_0610_J2316_0610_i_240px_hdu0,J2316+0610,independent_pair,14,1170.939,0.0
J2316_0610_J2316_0610_r_240px_hdu0,J2316+0610,single,1,7103.468,0.0
J2316_0610_J2316_0610_r_240px_hdu0,J2316+0610,single,2,7103.475,0.007
J2316_0610_J2316_0610_r_240px_hdu0,J2316+0610,equal_pair,1,797.85,0.0
J2316_0610_J2316_0610_r_240px_hdu0,J2316+0610,equal_pair,2,7105.161,6307.311
J2316_0610_J2316_0610_r_240px_hdu0,J2316+0610,equal_pair,3,797.85,0.0
J2316_0610_J2316_0610_r_240px_hdu0,J2316+0610,equal_pair,4,797.851,0.001
J2316_0610_J2316_0610_r_240px_hdu0,J2316+0610,equal_pair,5,797.851,0.001
J2316_0610_J2316_0610_r_240px_hdu0,J2316+0610,equal_pair,6,797.851,0.001
J2316_0610_J2316_0610_r_240px_hdu0,J2316+0610,equal_pair,7,7104.434,6306.584
J2316_0610_J2316_0610_r_240px_hdu0,J2316+0610,equal_pair,8,797.85,0.0
J2316_0610_J2316_0610_r_240px_hdu0,J2316+0610,equal_pair,9,8416.82,7618.97
J2316_0610_J2316_0610_r_240px_hdu0,J2316+0610,equal_pair,10,7105.199,6307.349
J2316_0610_J2316_0610_r_240px_hdu0,J2316+0610,equal_pair,11,7104.245,6306.395
J2316_0610_J2316_0610_r_240px_hdu0,J2316+0610,equal_pair,12,797.85,0.0
J2316_0610_J2316_0610_r_240px_hdu0,J2316+0610,equal_pair,13,7103.385,6305.535
J2316_0610_J2316_0610_r_240px_hdu0,J2316+0610,equal_pair,14,7103.928,6306.078
J2316_0610_J2316_0610_r_240px_hdu0,J2316+0610,independent_pair,1,755.555,0.0
J2316_0610_J2316_0610_r_240px_hdu0,J2316+0610,independent_pair,2,755.555,0.0
J2316_0610_J2316_0610_r_240px_hdu0,J2316+0610,independent_pair,3,755.555,0.0
J2316_0610_J2316_0610_r_240px_hdu0,J2316+0610,independent_pair,4,755.555,0.0
J2316_0610_J2316_0610_r_240px_hdu0,J2316+0610,independent_pair,5,755.555,0.0
J2316_0610_J2316_0610_r_240px_hdu0,J2316+0610,independent_pair,6,755.555,0.0
J2316_0610_J2316_0610_r_240px_hdu0,J2316+0610,independent_pair,7,7110.478,6354.923
J2316_0610_J2316_0610_r_240px_hdu0,J2316+0610,independent_pair,8,755.555,0.0
J2316_0610_J2316_0610_r_240px_hdu0,J2316+0610,independent_pair,9,755.555,0.0
J2316_0610_J2316_0610_r_240px_hdu0,J2316+0610,independent_pair,10,755.555,0.0
J2316_0610_J2316_0610_r_240px_hdu0,J2316+0610,independent_pair,11,755.555,0.0
J2316_0610_J2316_0610_r_240px_hdu0,J2316+0610,independent_pair,12,755.555,0.0
J2316_0610_J2316_0610_r_240px_hdu0,J2316+0610,independent_pair,13,755.555,0.0
J2316_0610_J2316_0610_r_240px_hdu0,J2316+0610,independent_pair,14,755.555,0.0
PSJ0417_3325_J0417_3325_i_240px_hdu0,PSJ0417+3325,single,1,36206.358,0.072
PSJ0417_3325_J0417_3325_i_240px_hdu0,PSJ0417+3325,single,2,36206.286,0.0
PSJ0417_3325_J0417_3325_i_240px_hdu0,PSJ0417+3325,equal_pair,1,6621.725,0.079
PSJ0417_3325_J0417_3325_i_240px_hdu0,PSJ0417+3325,equal_pair,2,6621.651,0.005
PSJ0417_3325_J0417_3325_i_240px_hdu0,PSJ0417+3325,equal_pair,3,6621.646,0.0
PSJ0417_3325_J0417_3325_i_240px_hdu0,PSJ0417+3325,equal_pair,4,6621.66,0.014
PSJ0417_3325_J0417_3325_i_240px_hdu0,PSJ0417+3325,equal_pair,5,6621.649,0.003
PSJ0417_3325_J0417_3325_i_240px_hdu0,PSJ0417+3325,equal_pair,6,6621.647,0.001
PSJ0417_3325_J0417_3325_i_240px_hdu0,PSJ0417+3325,equal_pair,7,6621.648,0.002
PSJ0417_3325_J0417_3325_i_240px_hdu0,PSJ0417+3325,equal_pair,8,6621.658,0.012
PSJ0417_3325_J0417_3325_i_240px_hdu0,PSJ0417+3325,equal_pair,9,6621.655,0.009
PSJ0417_3325_J0417_3325_i_240px_hdu0,PSJ0417+3325,equal_pair,10,6621.649,0.003
PSJ0417_3325_J0417_3325_i_240px_hdu0,PSJ0417+3325,equal_pair,11,6621.66,0.014
PSJ0417_3325_J0417_3325_i_240px_hdu0,PSJ0417+3325,equal_pair,12,6621.647,0.001
PSJ0417_3325_J0417_3325_i_240px_hdu0,PSJ0417+3325,equal_pair,13,6621.677,0.031
PSJ0417_3325_J0417_3325_i_240px_hdu0,PSJ0417+3325,equal_pair,14,6621.646,0.0
PSJ0417_3325_J0417_3325_i_240px_hdu0,PSJ0417+3325,independent_pair,1,6460.054,0.014
PSJ0417_3325_J0417_3325_i_240px_hdu0,PSJ0417+3325,independent_pair,2,6460.057,0.017
PSJ0417_3325_J0417_3325_i_240px_hdu0,PSJ0417+3325,independent_pair,3,6460.041,0.001
PSJ0417_3325_J0417_3325_i_240px_hdu0,PSJ0417+3325,independent_pair,4,6460.044,0.004
PSJ0417_3325_J0417_3325_i_240px_hdu0,PSJ0417+3325,independent_pair,5,6460.043,0.003
PSJ0417_3325_J0417_3325_i_240px_hdu0,PSJ0417+3325,independent_pair,6,6460.045,0.005
PSJ0417_3325_J0417_3325_i_240px_hdu0,PSJ0417+3325,independent_pair,7,6460.043,0.003
PSJ0417_3325_J0417_3325_i_240px_hdu0,PSJ0417+3325,independent_pair,8,6460.046,0.006
PSJ0417_3325_J0417_3325_i_240px_hdu0,PSJ0417+3325,independent_pair,9,6460.042,0.002
PSJ0417_3325_J0417_3325_i_240px_hdu0,PSJ0417+3325,independent_pair,10,6460.044,0.004
PSJ0417_3325_J0417_3325_i_240px_hdu0,PSJ0417+3325,independent_pair,11,6460.042,0.002
PSJ0417_3325_J0417_3325_i_240px_hdu0,PSJ0417+3325,independent_pair,12,6460.04,0.0
PSJ0417_3325_J0417_3325_i_240px_hdu0,PSJ0417+3325,independent_pair,13,6460.043,0.003
PSJ0417_3325_J0417_3325_i_240px_hdu0,PSJ0417+3325,independent_pair,14,6460.042,0.002
PSJ0417_3325_J0417_3325_r_240px_hdu0,PSJ0417+3325,single,1,21662.601,0.0
PSJ0417_3325_J0417_3325_r_240px_hdu0,PSJ0417+3325,single,2,21662.663,0.062
PSJ0417_3325_J0417_3325_r_240px_hdu0,PSJ0417+3325,equal_pair,1,2928.601,0.0
PSJ0417_3325_J0417_3325_r_240px_hdu0,PSJ0417+3325,equal_pair,2,2928.604,0.003
PSJ0417_3325_J0417_3325_r_240px_hdu0,PSJ0417+3325,equal_pair,3,2928.601,0.0
PSJ0417_3325_J0417_3325_r_240px_hdu0,PSJ0417+3325,equal_pair,4,2928.601,0.0
PSJ0417_3325_J0417_3325_r_240px_hdu0,PSJ0417+3325,equal_pair,5,2928.601,0.0
PSJ0417_3325_J0417_3325_r_240px_hdu0,PSJ0417+3325,equal_pair,6,2928.602,0.001
PSJ0417_3325_J0417_3325_r_240px_hdu0,PSJ0417+3325,equal_pair,7,2928.601,0.0
PSJ0417_3325_J0417_3325_r_240px_hdu0,PSJ0417+3325,equal_pair,8,2928.603,0.002
PSJ0417_3325_J0417_3325_r_240px_hdu0,PSJ0417+3325,equal_pair,9,2928.602,0.001
PSJ0417_3325_J0417_3325_r_240px_hdu0,PSJ0417+3325,equal_pair,10,2928.602,0.001
PSJ0417_3325_J0417_3325_r_240px_hdu0,PSJ0417+3325,equal_pair,11,2928.601,0.0
PSJ0417_3325_J0417_3325_r_240px_hdu0,PSJ0417+3325,equal_pair,12,2928.601,0.0
PSJ0417_3325_J0417_3325_r_240px_hdu0,PSJ0417+3325,equal_pair,13,2928.602,0.001
PSJ0417_3325_J0417_3325_r_240px_hdu0,PSJ0417+3325,equal_pair,14,2928.602,0.001
PSJ0417_3325_J0417_3325_r_240px_hdu0,PSJ0417+3325,independent_pair,1,2882.412,0.0
PSJ0417_3325_J0417_3325_r_240px_hdu0,PSJ0417+3325,independent_pair,2,2882.412,0.0
PSJ0417_3325_J0417_3325_r_240px_hdu0,PSJ0417+3325,independent_pair,3,2882.412,0.0
PSJ0417_3325_J0417_3325_r_240px_hdu0,PSJ0417+3325,independent_pair,4,2882.412,0.0
PSJ0417_3325_J0417_3325_r_240px_hdu0,PSJ0417+3325,independent_pair,5,2882.412,0.0
PSJ0417_3325_J0417_3325_r_240px_hdu0,PSJ0417+3325,independent_pair,6,2882.412,0.0
PSJ0417_3325_J0417_3325_r_240px_hdu0,PSJ0417+3325,independent_pair,7,2882.412,0.0
PSJ0417_3325_J0417_3325_r_240px_hdu0,PSJ0417+3325,independent_pair,8,2882.414,0.002
PSJ0417_3325_J0417_3325_r_240px_hdu0,PSJ0417+3325,independent_pair,9,2882.412,0.0
PSJ0417_3325_J0417_3325_r_240px_hdu0,PSJ0417+3325,independent_pair,10,2882.412,0.0
PSJ0417_3325_J0417_3325_r_240px_hdu0,PSJ0417+3325,independent_pair,11,2882.414,0.002
PSJ0417_3325_J0417_3325_r_240px_hdu0,PSJ0417+3325,independent_pair,12,2882.412,0.0
PSJ0417_3325_J0417_3325_r_240px_hdu0,PSJ0417+3325,independent_pair,13,2882.412,0.0
PSJ0417_3325_J0417_3325_r_240px_hdu0,PSJ0417+3325,independent_pair,14,2882.412,0.0
